kWh,1 Occupant,2 Occupants,3 Occupants,4+ Occupants
0,0.0004738086313625129,0.00038849925358451514,0.0,0.0
30,0.0009777961564423835,0.000786033373531461,1.1800859309884681e-05,3.841925168736139e-06
60,0.0015149804646113468,0.0012076604704448883,3.5402577929654055e-05,1.1525775506208415e-05
90,0.00210950467084329,0.0016533805443247973,7.071461218173865e-05,2.3021299633135444e-05
120,0.002788529779483834,0.0021081354845671365,0.00011779732451785146,3.835874892879861e-05
150,0.0035611094586481865,0.002568913669051096,0.00017665071493799247,5.753812339319792e-05
180,0.004430261597708083,0.0030387267198974865,0.0002475765957007265,8.055942302633336e-05
210,0.005395986196663523,0.0035115513928646873,0.0003302731545474887,0.00010739239644892354
240,0.006446211698027564,0.003990399310073508,0.00042474039147827916,0.00013794628952312432
270,0.007577920212428469,0.00448129371576557,0.0005309783064930978,0.00017243286190390543
300,0.00878507596112277,0.004987246232061683,0.0006489868995919447,0.0002108521135912668
330,0.010079750501597408,0.005511268481082657,0.0007787661707748197,0.0002529015307923946
360,0.01147703328071106,0.0060473372185868715,0.0009203161200417229,0.0002988836273001027
390,0.012979942187835464,0.006595452444574328,0.0010615642570500612,0.0003487984031143911
420,0.014609602448572769,0.0071526025369242135,0.001205830516644048,0.0004023433444424459
450,0.01639921084601207,0.00771878749563653,0.0013579438949607202,0.00045982096507708113
480,0.018391017831357666,0.008297018942832088,0.0015203188900685962,0.0005212312650182966
510,0.020642363302672537,0.008884285256390076,0.001694162751001936,0.0005865742442660922
540,0.02315928303870015,0.009477574814189683,0.0018692138609695348,0.0006528247648923296
570,0.025944794928812253,0.010082910860472532,0.0020512066528841242,0.0007221004234467057
600,0.029008133714486344,0.010700293395238623,0.0022398393144871407,0.0007986364130286145
630,0.03235714590808894,0.011329722418487955,0.0024360172825542772,0.0008896930646655891
660,0.036045821550480396,0.011971197930220525,0.0026397405570855346,0.0010025307093851623
690,0.040098907334508944,0.012621708308315528,0.0028498018890466535,0.0011401744851154726
720,0.04450903961010755,0.01328426517489377,0.0030674085274718923,0.001299296740135568
750,0.04929489911248725,0.013961880152076065,0.0032844115413800026,0.0014732421710035427
780,0.054438529399886235,0.014660576484104033,0.003506243551425149,0.0016550529604846783
810,0.05999156655945489,0.01538637741521929,0.003735922680192982,0.0018389813465155105
840,0.06602550439040963,0.01614229456754265,0.003975561613493453,0.0020207921359966462
870,0.07256527065896101,0.016928327941074107,0.004226971224877953,0.002198670246171201
900,0.07964496751500963,0.017750500780055294,0.004489849702087917,0.002374128246003245
930,0.08723453678041299,0.018611824706607008,0.0047626879838305195,0.0025520063561778
960,0.09527796642843171,0.019518322964970875,0.005044580633330066,0.0027395649077223993
990,0.10381159184710145,0.0204699955551469,0.005337338524137947,0.0029464843420070855
1020,0.11283058441342746,0.02146985409925588,0.005654241395631014,0.0031836551555731586
1050,0.12235673328867368,0.022523921841539448,0.0060013254929805636,0.003457732651862524
1080,0.1323947765591537,0.023635210404118413,0.006378590816186596,0.0037693218584608093
1110,0.14288743468459197,0.024812754653355196,0.0067860373652491104,0.004117212720196759
1140,0.15381104741231413,0.026059566211370615,0.00721762889499681,0.0044923298232859565
1170,0.1651336854727672,0.027378656700285484,0.007670347282844049,0.0048855977539439864
1200,0.17683168861327678,0.028782072608583033,0.00815022877396212,0.005290966236314571
1230,0.18890741078755277,0.030269813936263268,0.008657273368351027,0.005702384994541432
1260,0.20130236529957096,0.03184188068332619,0.009185444820839474,0.00612590430448085
1290,0.21396292425519564,0.033507307716134235,0.009725688763670512,0.006573624717845376
1320,0.2268533256653717,0.03526609503468738,0.010311204545286274,0.007057646786347566
1350,0.23992066592941266,0.03712727750534808,0.01094501028827241,0.007587045923771836
1380,0.2531499159582472,0.039090855128116324,0.011630124115214562,0.008164847268046328
1410,0.26650851272555437,0.04115682790299211,0.012366546026112736,0.008797101095027312
1440,0.27995722366950154,0.043337242318458695,0.013136167285453042,0.00947775712885852
1470,0.2934724790740955,0.04562607513027444,0.013938987893235479,0.010200765093683667
1500,0.307031886200198,0.04802633796056017,0.01478708033980264,0.010957049575718341
1530,0.3206221663345733,0.05054706567567831,0.015689498992911468,0.011740560299106263
1560,0.3342352013548115,0.053185246653508045,0.016631153239633725,0.012542221850063016
1590,0.3478524614201701,0.05594991576041179,0.01759997058962682,0.013368084504444879
1620,0.3614498034156753,0.0588440846185104,0.018617077900990278,0.014224198538108128
1650,0.37500616247351226,0.06186778334402503,0.019691529541481057,0.015131739916549734
1680,0.3885041253720062,0.06502884215446983,0.02082936175627045,0.016102809191482256
1710,0.40191843237711555,0.06833295301565312,0.022036610790529754,0.017143456638761965
1740,0.4152329981384891,0.07177854988407205,0.023325349134601558,0.018250657120460728
1770,0.42844924106413146,0.0753679818249809,0.02468652242072892,0.019421385498650405
1800,0.44156598417718773,0.0790944124561654,0.0261110762811549,0.020646566359546575
1830,0.4545877543117155,0.08296651524933348,0.027592974470708194,0.021920149427292965
1860,0.46750972284471987,0.08698907868365723,0.02915636197007399,0.023233059288105155
1890,0.4803304110104088,0.09114228628558174,0.030798220656666642,0.02459134621783943
1920,0.4930560356608882,0.09543318525086969,0.03251855053048614,0.026004085630280196
1950,0.5056700587624006,0.09986361266901476,0.03430527910118991,0.02748942835299629
1980,0.5181563346068075,0.10442411204655765,0.03617349698170619,0.029059474937700277
2010,0.5305049645169696,0.10911808651649484,0.038096041068764123,0.03071725052232028
2040,0.5426852263790826,0.11393885027771813,0.04011214695597715,0.032471830520640725
2070,0.5546859238235772,0.11888468670561868,0.04223086901110223,0.0343232149326616
2100,0.5664907904267399,0.12396225148508344,0.04446729784706759,0.03628047917216733
2130,0.578103206224667,0.12916247963352884,0.046839542199387116,0.038340598101229785
2160,0.589554527087931,0.13449139439519642,0.04932345708737563,0.04049752144399267
2190,0.60084855555714,0.13994920658363472,0.051882825040005354,0.04274217378667158
2220,0.6119688441352181,0.14553001341948688,0.054538772915375816,0.045068504853410234
2250,0.6228841878460617,0.15124284976911534,0.05730337320382962,0.04747046436835235
2280,0.6335428600658392,0.15708467389417816,0.060191716518294996,0.0499450271935698
2310,0.6439529185591729,0.1630483482502489,0.06320983910394325,0.052489168191134444
2340,0.6541312031487576,0.16913703504055447,0.06632556777401136,0.05511801305068696
2370,0.6640648576258694,0.1753494995000254,0.06952689040060847,0.057846687461868065
2400,0.6737496871242814,0.1816899277834095,0.07284241878584652,0.06069031711431844
2430,0.683148209457997,0.1881473575861871,0.07626901408223641,0.0636579774218225
2460,0.692247809849442,0.1947126034608897,0.07981328597824072,0.0667516952267921
2490,0.7010671690338277,0.20139855515019436,0.08348389648568026,0.06997144027784795
2520,0.7095995872967488,0.20820557404875562,0.08725434648825307,0.07331318914154564
2550,0.7178611801674502,0.21514130967676026,0.0911087606611586,0.07677064953099463
2580,0.7258259636184414,0.22220681610195064,0.09509180721866446,0.08034025178343972
2610,0.7334830732479842,0.22940248483520245,0.09918800319190627,0.0840222076585359
2640,0.7408692669486264,0.2367450604955074,0.10340121177779367,0.08782347497351785
2670,0.7479737708553107,0.24419478967087077,0.10771697616914139,0.09174453775045409
2700,0.7548154769555042,0.2517336327447889,0.11211383751436549,0.09578179607521015
2730,0.7614458100841014,0.25939309128464544,0.116569703156139,0.0999262955395187
2760,0.7678861670767478,0.2671696718087803,0.12113416084854416,0.10417431522372819
2790,0.7741661232492865,0.2750686446559049,0.1258004801782149,0.10852446356439163
2820,0.7803039670113101,0.2830952801647307,0.1305716490865111,0.11298012871598855
2850,0.7863172021211747,0.29123774266032276,0.1354532209189903,0.11754118967300183
2880,0.792239176256438,0.2994985016728203,0.14041917945896423,0.1222065573857773
2910,0.7980745671456262,0.30787192546885733,0.14544888074794707,0.12697145213638855
2940,0.8038199343948557,0.316347322789905,0.15056550396739654,0.1318311244582884
2970,0.8094589814015188,0.3249205375974366,0.15578051798313816,0.13677737622769154
3000,0.8149730274304047,0.333581420724905,0.16110463713035095,0.1418013437904686
3030,0.8203864872065304,0.3423295505452132,0.1665464932396299,0.14690084904731127
3060,0.8257191882630688,0.351162698457992,0.17208677032642686,0.15208176076580016
3090,0.830939654013872,0.3600678843719005,0.17770609204374194,0.15735502994523512
3120,0.8360145669602767,0.3690518543204894,0.18339588692343187,0.16272849169285006
3150,0.8409517132568615,0.37811210865739836,0.18914854929658087,0.1682052619007109
3180,0.8457767147843925,0.3872359383372777,0.19497298262481658,0.17378494730088703
3210,0.8505083729936559,0.3964240661494363,0.20088116885480403,0.17946782015579196
3240,0.8551442132153667,0.4056707700118447,0.20687479813519122,0.18525548378852763
3270,0.8596831791882447,0.4149645756442225,0.2129534479288161,0.19114942051667883
3300,0.8641094571719821,0.424298857477904,0.21911576008051512,0.19714551615266326
3330,0.8684142047507196,0.43365991263223963,0.22535817320563725,0.20323303145683602
3360,0.8726084372206643,0.44303286369395234,0.23166393672383215,0.20939977512334676
3390,0.8766980092871971,0.45239536442690587,0.23803646111362164,0.21563712550910025
3420,0.8806841884638542,0.46172820068196935,0.24445721510232973,0.22194599015547492
3450,0.8845611804030421,0.471019807830199,0.2509340156274533,0.22833184456212072
3480,0.8883026691094389,0.4802609703079051,0.25746722486370266,0.2348013742838589
3510,0.8918917242236695,0.4894459660330581,0.2640465208318349,0.24135932878723648
3540,0.8953335365154528,0.498563230376714,0.2706689759529418,0.24800900547259527
3570,0.8986281059847894,0.5076071918379496,0.2773165116727355,0.2547402398764967
3600,0.9017856934555426,0.5165757723975011,0.2840016230187206,0.26153379212171773
3630,0.9047915112697915,0.5254652978763813,0.2907182435644998,0.2683688190079336
3660,0.9076253093898514,0.5342701064250032,0.29745098088488636,0.27524060131997624
3690,0.9102961414838374,0.5429787839955288,0.3042033661833055,0.2821434820499203
3720,0.9128100433304934,0.5515959082535818,0.3109740714858195,0.28908466102603453
3750,0.9151911580447929,0.5601260568647858,0.31776360987326796,0.29606731464314356
3780,0.9174606108523382,0.5685542620672003,0.32457285660120067,0.3030905958626275
3810,0.9196153838637575,0.5768813369987982,0.3314000007960663,0.3101555029800026
3840,0.9216645307471661,0.5851097511897181,0.33824597807586637,0.3172537168659665
3870,0.9236201230600508,0.5932313732602342,0.3450902048445668,0.3243743470239779
3900,0.9254972502492705,0.6012511723868458,0.35192951207345263,0.3315052323995657
3930,0.9273230733191707,0.6091615893980296,0.35876054964645376,0.33862985573964227
3960,0.9291096638272383,0.6169572937226315,0.36558189904595495,0.3457431650638676
3990,0.930860039662845,0.6246419294234181,0.37239672930067114,0.3528516039160286
4020,0.9325711829366192,0.6322080577937508,0.37920700219028297,0.3599552630502631
4050,0.9342461115379326,0.6396693817142792,0.3860123253588544,0.3670482131962321
4080,0.9358938791349002,0.6470426759202165,0.39282244734233696,0.3741201688849798
4110,0.9375235393956375,0.6543042389454716,0.3996388168395718,0.38116175218892895
4140,0.9391290565414009,0.661443259066631,0.40646242983101233,0.38816570277705204
4170,0.9407104305721904,0.6684587123321736,0.41329325613543244,0.3951255468541829
4200,0.942267661488006,0.6753566521025621,0.42014484712324185,0.40204010461652945
4230,0.9437977313994761,0.6821499681204736,0.4270270116928438,0.4089126432130542
4260,0.9453036581959723,0.6888354379502389,0.4339419832549518,0.4157510280023703
4290,0.9467794060987511,0.6954105619454978,0.4408856873440752,0.42256378987343507
4320,0.9482279929971843,0.7018674797725148,0.4478512728219445,0.42936079077589423
4350,0.9496494188912717,0.7081964036593975,0.45483228090622646,0.43614783897456977
4380,0.9510436837810137,0.7144051638236598,0.4618241542318167,0.442909597020166
4410,0.9524107876664101,0.7204913208513839,0.46882520265006744,0.44964893879371487
4440,0.9537537484368324,0.7264578562484695,0.47582401765760474,0.45636093332039335
4470,0.9550755839816526,0.7323229300963049,0.48283107213980087,0.4630431907412381
4500,0.9563793121902424,0.7380783507827215,0.48984588319704214,0.4696958018103873
4530,0.9576619151732302,0.7437211970342624,0.4968692657224266,0.4763147430943962
4560,0.958920375041244,0.7492551129136936,0.503900465185308,0.48289154420706604
4590,0.9601577096836557,0.7546732319225796,0.5109371576312951,0.48943325371976965
4620,0.9613739191004652,0.7599808243996319,0.5179635582792652,0.4959409304307816
4650,0.9625780569597879,0.7651705118706545,0.5249711862047526,0.50241381805562
4680,0.9637580517041365,0.7702379274835721,0.5319580494468508,0.5088534291632488
4710,0.9649048496653962,0.7751850287927634,0.5389149729128992,0.515259854507806
4740,0.9660154329541949,0.7800022990723265,0.5458497131779433,0.5216243816920585
4770,0.9670837657917893,0.7846937738959034,0.5527760328809733,0.5279418982329077
4800,0.9681158839569232,0.7892599351230335,0.5596490827203666,0.5342169418372458
4830,0.9691178232283394,0.7936901818438513,0.566469375776963,0.5404477579250745
4860,0.9700865657166665,0.7979884592833353,0.5732326263166904,0.5466375531425975
4890,0.9710221114219048,0.802150972797613,0.5799440255103964,0.5527926802794642
4920,0.9719244603440538,0.8061863356259502,0.5865988047243956,0.558910840230849
4950,0.9727905945937418,0.8101051185619909,0.5932487851234838,0.565005041089843
4980,0.9736235320603409,0.8138975338338424,0.5998530711466251,0.5710652393985246
5010,0.9744202548544793,0.817570869567037,0.6063990772226376,0.5770730120669116
5040,0.9751837808655283,0.8211347629523614,0.6129024975889666,0.5830150787394995
5070,0.9759141100934884,0.8245889429438246,0.6193788152144766,0.5888895033280142
5100,0.9766112425383593,0.8279398845289865,0.6257847200400632,0.5946930489348725
5130,0.9772781960895128,0.8311827088800112,0.6321203026094043,0.6004292852228299
5160,0.977914970746949,0.8343297937638156,0.6383826957060434,0.6060953080594751
5190,0.9785245844000395,0.8373925833444582,0.6445843943574852,0.6116936585606678
5220,0.9791040191594128,0.8403680659998186,0.6507343925690348,0.6172150495529688
5250,0.9796502571356971,0.8432592232357965,0.6568454871804553,0.6226480157636302
5280,0.980163298328892,0.8460720782966332,0.6628933521237066,0.6279821809695584
5310,0.9806491785177416,0.8488036195602081,0.6688907540573258,0.6332145805355842
5340,0.9811048798128735,0.8514568586486417,0.674810348790687,0.6383484211079113
5370,0.9815304022142883,0.8540317955619344,0.6806448626483588,0.6433896319568788
5400,0.9819287636113574,0.8565314419222069,0.6863872634047167,0.648346199446617
5430,0.9822999640040809,0.8589618209737007,0.6920302170218774,0.6532265032091866
5460,0.9826470212818306,0.8613259443385368,0.6975905042614171,0.658034082655964
5490,0.9829759712233497,0.8636298352609566,0.7030745235432175,0.6627665781793648
5520,0.9832868138286385,0.8658795169852018,0.7084833613914094,0.6674186050338773
5550,0.9835834723538801,0.8680810127555141,0.7138242009377468,0.6719913430232931
5580,0.983866550376949,0.8702463690603766,0.7190692754544414,0.6764942608293275
5610,0.9841378586314682,0.8723785975219102,0.7242214219767239,0.6809389749816246
5640,0.9843967935395632,0.8744807097622357,0.729276113320716,0.6853361642170706
5670,0.984643053312297,0.876555717403474,0.7342329873117072,0.6896874621101466
5700,0.9848799576279783,0.8786036204456249,0.7391030299159091,0.6939889662329256
5730,0.985112636898539,0.8806244188886885,0.7439035953381895,0.6982315709202438
5760,0.9853395821792935,0.8826211243547856,0.7485868161543399,0.702407108299695
5790,0.9855586809476815,0.8845937368439162,0.7531708916435517,0.7065188757716212
5820,0.9857732528820119,0.8865422563560804,0.7576537694824668,0.7105674783636077
5850,0.985982090826536,0.8884636712691574,0.7620485181418809,0.7145611444508192
5880,0.986183685836568,0.8903579815831469,0.7663504897130122,0.7185070133587661
5910,0.9863867897912858,0.89222819892017,0.770557330060244,0.7224217535974327
5940,0.9865923080575011,0.8940713116581058,0.7746478821442505,0.726306181954059
5970,0.9867926959117843,0.8958843081748336,0.7786357576978934,0.7301508599983098
6000,0.9869897640877586,0.897670200092474,0.7825364698712628,0.7339445342170922
6030,0.9871877376305446,0.8994259757889064,0.7863503808390689,0.7376809728262741
6060,0.9873826932839586,0.9011516352641307,0.7900755891840828,0.7413572716934446
6090,0.9875682934803203,0.9028471785181468,0.793712607987144,0.7449691653741252
6120,0.9877448400085668,0.9045065823067132,0.7972617994229629,0.7485102405759079
6150,0.9879168597027558,0.9061328582519509,0.8007223184172155,0.7519737209898338
6180,0.9880822400403269,0.9077199831096178,0.8040924446400278,0.755357670527629
6210,0.9882406792323432,0.909270968501835,0.8073707293925589,0.7586657193548073
6240,0.988395195168176,0.9107888260507233,0.8105603718847496,0.7619017093965373
6270,0.9885448824810141,0.912270544134162,0.8136694908663553,0.7650700573541941
6300,0.9886812910806166,0.9137191343742718,0.8167063861744862,0.7681724875563967
6330,0.9888023084444233,0.9151376083931734,0.8196792369213497,0.7712166838534827
6360,0.9889088399392456,0.9165259661908668,0.8225977614616716,0.7742024949885556
6390,0.9890020927208323,0.917887219389473,0.825467996040623,0.7771368787788502
6420,0.9890838775228062,0.9192183563668712,0.8282899406582043,0.7800168100864382
6450,0.9891544961341049,0.920522388745182,0.8310696315595864,0.782848339187176
6480,0.9892163628662256,0.9217963049022847,0.8338100868673549,0.7856254158052074
6510,0.9892703830859796,0.9230401048381793,0.8365113065815102,0.788341989664676
6540,0.9893168585823043,0.9242568001749867,0.8391732907020519,0.7909920104897255
6570,0.9893585054556342,0.9254494025348275,0.8417960392289802,0.7935754782803558
6600,0.9893947201280952,0.926614900295581,0.8443765340397095,0.796089367898639
6630,0.9894264079664982,0.927759316701489,0.8469147751342396,0.7985427547583596
6660,0.989455470241148,0.9288796401304303,0.8494107625125707,0.8009447142733016
6690,0.9894811223008079,0.9299818938266468,0.8518705324198741,0.8033103721331061
6720,0.9895031528932215,0.9310690894122593,0.8543001211013209,0.8056488037515573
6750,0.9895205962937901,0.932138215265147,0.8567055648020826,0.8079660594045115
6780,0.9895336335758761,0.9331892713853096,0.859086863522159,0.8102681893678251
6810,0.9895454033444259,0.9342222577727475,0.861437981016379,0.8125521685035698
6840,0.9895574145441254,0.9352431976717022,0.8637528810395713,0.8148210219496739
6870,0.9895693653860373,0.9362520910821736,0.86602854546915,0.8170686994302809
6900,0.989581346406843,0.9372519496262827,0.8682649743051153,0.819295200945391
6930,0.9895932972487551,0.93824578492615,0.8704712219152242,0.8214975013570759
6960,0.9896052480906671,0.9392335969817757,0.8726563426672336,0.8236816509411921
6990,0.9896171989325792,0.9402183974152807,0.8748263728063147,0.8258446245598112
7020,0.9896291497744912,0.9412031978487857,0.8769782942098819,0.8279894473508616
7050,0.9896411006164032,0.9421910099044114,0.8791030525101783,0.8301191444522712
7080,0.9896530514583153,0.9431848452042787,0.8811946114620326,0.832230690726112
7110,0.9896650023002272,0.9441816921262668,0.8832499529428591,0.8343271113103121
7140,0.9896769531421393,0.9451725158040135,0.8852630407074864,0.8363993307910871
7170,0.9896889039840513,0.9461573162375185,0.887239911001086,0.8384624748580777
7200,0.9897008548259634,0.9471391050489025,0.889180563823658,0.8405225937871401
7230,0.9897128056678755,0.9481118589939243,0.8910880172977876,0.8425857378541307
7260,0.9897247565097874,0.949069554828342,0.8929652895460608,0.8446488819211213
7290,0.9897367073516995,0.9500152041742764,0.8948033262007206,0.8467180762639682
7320,0.9897486581936115,0.9509548302759692,0.8966292903650378,0.8487902957447432
7350,0.9897606392144171,0.9518914447555412,0.8984160189357415,0.8508746157772308
7380,0.9897725900563292,0.9528220359908715,0.9001665300354176,0.8529710363614309
7410,0.989784571077135,0.9537405807377185,0.9018747874188945,0.8550704820835592
7440,0.9897964917401534,0.9546470789960824,0.9035377729635867,0.8571699278056875
7470,0.9898089254443649,0.9555415307659629,0.9051645410372511,0.8592663483898876
7500,0.9898242865012671,0.9564269476694812,0.906752073517302,0.8613657941120159
7530,0.9898438726032898,0.9573033297066369,0.9083154610166678,0.8634682649720723
7560,0.9898679251815825,0.9581646536331886,0.9098365947998346,0.8655707358321286
7590,0.9898958708371649,0.9590109194491362,0.9113124567442166,0.8676701815542569
7620,0.9899263515198193,0.9598391155323589,0.9127611555853278,0.8697605518626008
7650,0.9899622644033431,0.9606492418828569,0.9141826913231681,0.8718327713433758
7680,0.9900033076987987,0.9614412985006301,0.9155589552222236,0.873886839996582
7710,0.9900464635168145,0.9622122737635576,0.9168869291599089,0.875919732684291
7740,0.9900944479578251,0.9629651792937601,0.9181635950136381,0.8779284242685751
7770,0.9901469592328933,0.9637000150912378,0.9193949890285826,0.8799189650252904
7800,0.9902006776637101,0.9644137695338698,0.920575074959571,0.8818853046785805
7830,0.9902543960945269,0.965106442621656,0.92173403403246,0.883839543780158
7860,0.9903081145253437,0.9657780343545967,0.9228477212665641,0.8857816823300232
7890,0.9903618329561605,0.9664225214884502,0.9239101004167123,0.8877117203281757
7920,0.9904155513869773,0.9670429156453373,0.9249362620958328,0.8896266326366875
7950,0.9904692698177942,0.9676331935810158,0.9259262063039254,0.8915264192555586
7980,0.9905232900375484,0.9681993785397282,0.9268920055313329,0.8934020047710046
8010,0.9905821388802971,0.9687414705214741,0.9278336597780551,0.8952533891830255
8040,0.9906518521247842,0.9692624811483742,0.9287481509215065,0.8970805724916213
8070,0.9907291100927006,0.9697684336646702,0.9296384970842728,0.898883554696792
8100,0.9908108948946747,0.9702533048261208,0.9305046982663538,0.9006623357985375
8130,0.9909005262090151,0.9707170946327255,0.9313588269580924,0.9024229660727143
8160,0.9909974004578478,0.9711567914623637,0.9322039012820739,0.9041684706572504
8190,0.9910981979628637,0.9715723953150354,0.9330399212382984,0.9059079249659301
8220,0.9912002026236284,0.9719669178128615,0.9338699049493516,0.9076383038608254
8250,0.9913013019175816,0.9723403589558419,0.9346938524152336,0.9093535570660801
8280,0.9914002886889745,0.9726957303660975,0.9355057273907731,0.911053684581694
8310,0.9914941450484356,0.9730330320436282,0.9363025117533842,0.9127326361318109
8340,0.9915843799406505,0.9733522639884341,0.9370872236256528,0.9143783111647183
8370,0.9916703897877451,0.9736594494447568,0.9378598630075788,0.91598465940456
8400,0.9917509674339704,0.9739554918992325,0.9386234480217478,0.9175547059892639
8430,0.9918264146682638,0.9742418971629216,0.9393779786681599,0.9190854257809021
8460,0.9918949207570023,0.974522279182369,0.9401264730694006,0.9205768187794745
8490,0.9919576928559343,0.974797541444211,0.9408689312254701,0.9220349352608374
8520,0.9920213703216779,0.9750670816240236,0.9416053531363682,0.9234688506387752
8550,0.992092894299788,0.9753299962351702,0.9423417750472662,0.9248936906029285
8580,0.9921704540566417,0.975582069006682,0.9430781969581644,0.9263064300153693
8610,0.9922522388586157,0.9758245045874073,0.9438146188690625,0.9276768174968161
8640,0.992339757650396,0.976060916923891,0.9445540589025464,0.9290139284610534
8670,0.9924311996983594,0.9762931129894054,0.9452934989360303,0.930314737770153
8700,0.9925253578467575,0.9765228997572231,0.9460450114598566,0.9315762202861868
8730,0.992623439251339,0.9767559993093738,0.9467935058610973,0.932801401147083
8760,0.9927257457010408,0.9769936162947056,0.9475359640171668,0.9339902803528415
8790,0.9928280521507425,0.9772324379288859,0.948272385928065,0.9351549584551749
8820,0.99292764250001,0.9774712595630662,0.9489997534712062,0.9363045108678677
8850,0.993023611382031,0.9777103823594586,0.949721084769176,0.9374419627288477
8880,0.9931156570078689,0.9779483005070027,0.9504333616993892,0.9385673140381153
8910,0.9932013650660262,0.9781789907614568,0.9511426205070164,0.9396866150715266
8940,0.9932768123003196,0.9784021519606088,0.951848861192058,0.9408028909670098
8970,0.9933441112333092,0.9786232050242764,0.9525551018770997,0.9419070663107804
9000,0.9934047708096811,0.9788439569257317,0.9532613425621413,0.9429961159649103
9030,0.9934596963962468,0.9790650099893992,0.953967583247183,0.9440670147914715
9060,0.9935134148270636,0.9792854607286425,0.9546738239322247,0.9451137125146074
9090,0.9935674350468177,0.9795038033324013,0.9553800646172663,0.9461362091343184
9120,0.9936208516886974,0.979718531989615,0.956086305302308,0.9471345046506041
9150,0.9936718540190798,0.9799320559979805,0.9567925459873496,0.9481116242013928
9180,0.9937204420379647,0.9801491939528908,0.9574987866723913,0.9490705929246127
9210,0.9937651068006664,0.9803744632875274,0.958205027357433,0.950014435958192
9240,0.9938025286288761,0.9806054547041936,0.9589112680424746,0.9509461784400589
9270,0.993831771976888,0.9808397589051926,0.9596175087275163,0.9518597700943568
9300,0.9938541647160264,0.981078881701585,0.9603237494125579,0.9527491606452295
9330,0.9938708536442521,0.9813249312288552,0.9610299900975996,0.9536052746788928
9360,0.9938834684218261,0.9815785098114274,0.9617332126600557,0.9544250870574184
9390,0.9938965057039119,0.9818354011783327,0.9624334170999261,0.9552085977808064
9420,0.9939134360632875,0.9820919913830257,0.9631306034172108,0.9559648822628409
9450,0.9939315433995178,0.9823491839121428,0.9638217534893242,0.9567030159173068
9480,0.9939496205568545,0.9826039671435632,0.9645068673162664,0.9574350992959165
9510,0.9939662491272928,0.9828521248063179,0.9651859448980373,0.9581671826745262
9540,0.9939773549601807,0.9830969696847398,0.9658620043572226,0.9588992660531357
9570,0.9939821534042818,0.9833412122387375,0.9665320275712364,0.9596313494317453
9600,0.9939828716619522,0.9835821420084024,0.9671929964174933,0.9603604076724267
9630,0.993986734560348,0.9838170485338256,0.9678388746508222,0.9610773653613957
9660,0.9939944905360335,0.9840495457615521,0.9684636260260513,0.9617701219469394
9690,0.9940056869056025,0.9842826453137028,0.9690642324205953,0.9624780042221239
9720,0.9940173057796837,0.9845124320815206,0.9696406938344542,0.9631647105318114
9750,0.994029347158277,0.984732882820764,0.9701960283902133,0.9638483917035708
9780,0.9940412980001889,0.9849439975314327,0.970730236087873,0.9645018214960488
9810,0.9940532790209946,0.9851527029444049,0.9712402988048476,0.9651431507368142
9840,0.9940652298629066,0.9853617095195891,0.9717382890314796,0.9657935553913639
9870,0.9940771807048188,0.9855707160947733,0.9722091161548408,0.9664681611493389
9900,0.9940893126200929,0.9857797226699575,0.9726588164201024,0.967145792045242
9930,0.9941034967001401,0.9859866211096571,0.9730843717046788,0.967823422941145
9960,0.9941207892062401,0.986186592818479,0.9734827638859842,0.9685071041129044
9990,0.9941388965424706,0.9863838540673922,0.9738570110866047,0.9691907852846638
10020,0.9941567624475512,0.9865844281006382,0.9741980589387829,0.969871441318495
10050,0.9941752017516124,0.9867834963228238,0.9745179799328617,0.9705430219385417
10080,0.9941963269772147,0.9869801552473126,0.9748104360114109,0.9712085522827323
10110,0.9942199268721016,0.9871747060363171,0.9750814634196022,0.9718650072131384
10140,0.9942444623126938,0.987360221958959,0.9753352875290552,0.9725002861780475
10170,0.9942713517069959,0.9875333902309057,0.97557402102558,0.9731174143153878
10200,0.9943009572017327,0.9876930062033087,0.975800078407245,0.9737133664872312
10230,0.9943338521958847,0.9878405756872283,0.9760164777966359,0.9742881426935776
10260,0.994376404436026,0.9879839289001788,0.9762250300673043,0.974841742934427
10290,0.994433442545152,0.9881269809509172,0.9764242261579571,0.9753802174856357
10320,0.9944998361113302,0.9882679248661712,0.9766131606318187,0.9758975160713474
10350,0.9945719636673147,0.9884061583215165,0.9767909280521133,0.9764238900708436
10380,0.9946477126905452,0.9885431871280133,0.9769599429169096,0.9769472389324118
10410,0.9947267813920847,0.9886808182589344,0.9771241287855689,0.9774645375181235
10440,0.9948100751387446,0.9888172447410071,0.9772865037806768,0.9779788109659071
10470,0.9948972921415878,0.988950659600959,0.9774482751512675,0.9784991346895469
10500,0.9949866216669913,0.9890816651632143,0.9776112537708925,0.9790103829994022
10530,0.995076554770269,0.9892144776987419,0.9777769487008446,0.9795095307575451
10560,0.9951661860846095,0.9893490972075422,0.9779471708146751,0.9799905276881191
10590,0.995257326343636,0.9894791992831612,0.978124032798194,0.9804533737911243
10620,0.9953520880699085,0.9896044827633869,0.9783072328391429,0.9808980690665607
10650,0.9954480569519296,0.9897261522970675,0.9784955636884873,0.9813246135144282
10680,0.9955437240450138,0.9898424009109309,0.978686610848159,0.981729981996799
10710,0.9956393911380977,0.9899559390648855,0.9788785634446061,0.9821262750653852
10740,0.9957350582311818,0.9900694772188401,0.9790729305391218,0.982513492720187
10770,0.995830725324266,0.9901830153727947,0.9792742393155845,0.9828976852370607
10800,0.9959242798947897,0.9902965535267494,0.9794885260191656,0.983275827478078
10830,0.9960133076312558,0.9904097905184919,0.9797200160214847,0.9836418691673828
10860,0.9960959978000413,0.9905197147259016,0.9799693129470594,0.9839988354429032
10890,0.9961747647126435,0.9906242180134937,0.980232493236528,0.9843437011667111
10920,0.9962508155248113,0.9907236015434804,0.9805032188324605,0.9846734412008782
10950,0.9963205287692984,0.9908163595048014,0.9807772643632373,0.9849910806833327
10980,0.9963863187576023,0.9909058046817895,0.9810549316411171,0.9852996447520029
11010,0.9964515051680317,0.9909961533454139,0.9813377297273923,0.9856012510034384
11040,0.9965139754780269,0.9910901159555833,0.9816265640588389,0.9858971094928103
11070,0.9965743332654615,0.9911870901878733,0.9819214346354567,0.9861887327890828
11100,0.9966331821082104,0.9912843655823755,0.9822208323959531,0.9864761208922561
11130,0.9966890130615875,0.9913837491123622,0.9825256627771036,0.9867577612333657
11160,0.9967439386481531,0.9914846384534094,0.9828335112808398,0.9870291161055198
11190,0.9968006749683417,0.9915837208211841,0.9831473960297472,0.9872841352328618
11220,0.9968592220221535,0.9916797915668378,0.9834642989012402,0.9875176758809142
11250,0.996922899487897,0.9917761634747039,0.9837872380179046,0.98772580537037
11280,0.9969877841093894,0.9918671144627523,0.9841131952571546,0.9879082211874368
11310,0.9970499526304472,0.9919396945558638,0.9844421706189902,0.9880679484700426
11340,0.9971100086289446,0.9920044444314613,0.9847681278582402,0.9882122475492149
11370,0.9971673485270075,0.992069796631483,0.9850971032200758,0.9883511013801165
11400,0.9972216705356988,0.9921390639402615,0.9854321148270828,0.9884917702937749
11430,0.9972753889665156,0.99221555914213,0.985773162679261,0.9886381869694969
11460,0.9973288056083953,0.9922899462085142,0.9861202467766106,0.9887909564348678
11490,0.9973798079387777,0.9923583100306566,0.9864733671191315,0.9889485661209239
11520,0.9974280941687254,0.992419747121921,0.9868325237068237,0.9891067808345654
11550,0.9974733625093015,0.9924727516712475,0.9871946984171016,0.9892604578413149
11580,0.9975119914932596,0.9925200341385442,0.9875629093725506,0.9894047569204871
11610,0.9975412650201654,0.9925627991726597,0.9879311203279997,0.9895360479065684
11640,0.9975654081351394,0.9926043595579267,0.9883023494060343,0.989651910689216
11670,0.9975892796400696,0.992646221105406,0.9886705603614834,0.98975234526843
11700,0.9976133623972562,0.9926880826528853,0.9890387713169324,0.9898397717545534
11730,0.9976363285353751,0.9927299442003645,0.9894039641497958,0.9899181228268923
11760,0.9976563974996971,0.9927721069100559,0.9897661388600737,0.9899928437337173
11790,0.9976733278590727,0.9928217986750494,0.9901222773251801,0.9900681696681278
11820,0.9976869988979266,0.9928868497128588,0.990475397667701,0.9901480333094308
11850,0.9976990402765197,0.9929594298059704,0.9908254998876361,0.9902339472265898
11880,0.9977109911184318,0.9930308052502336,0.9911725839849858,0.9903250038782268
11910,0.9977229721392376,0.993102481856709,0.9915166499597496,0.9904184806402061
11940,0.9977349229811495,0.9931738573009722,0.9918546796893423,0.9905110498608071
11970,0.9977469945386364,0.9932425222853267,0.9921896912963493,0.9906002914296872
12000,0.9977581607293118,0.9933087779719847,0.9925216847807706,0.9906837852365039
12030,0.9977657054527412,0.99337322668537,0.9928506601426063,0.990760018712293
12060,0.9977685120898571,0.9934280382079688,0.9931766173818563,0.9908280843156761
12090,0.9977685206908418,0.9934720078909326,0.993496538375935,0.9908882845604461
12120,0.997768721380485,0.9935135682761997,0.993813441247428,0.9909424345293598
12150,0.9977692012248951,0.9935560321481031,0.9941212897511642,0.9909938618741381
12180,0.9977700583054766,0.9936048204264601,0.9944212911361776,0.9910464992740877
12210,0.9977713952304683,0.9936659563555126,0.9947110309043998,0.9911030693533439
12240,0.9977733266796661,0.9937325132043823,0.9949902072435723,0.9911635721119066
12270,0.9977759673328663,0.9937981665666159,0.9952597255904708,0.991226494980812
12300,0.9977794379056438,0.9938629164422133,0.995519585945095,0.9912906279048885
12330,0.997783904381914,0.99392465469569,0.9957779372384264,0.9913538532875865
12360,0.997789457298358,0.9939842848136821,0.9960266305394838,0.9914149610737351
12390,0.9978099185882983,0.9940415056339774,0.9962638549747159,0.991473346235748
12420,0.9978348161756152,0.9940951125077279,0.9964893087318638,0.9915284037460402
12450,0.9978640293447335,0.9941451054349334,0.9967017845618933,0.991580738632197
12480,0.997894087522876,0.9941929902266542,0.9969052060241661,0.9916312584355969
12510,0.9979238439120813,0.9942408750183751,0.9971019876167504,0.9916808706976183
12540,0.9979516084943012,0.9942887598100958,0.9972906202783534,0.9917304829596398
12570,0.9979740917701206,0.9943378492506652,0.9974717076334922,0.9917807002492469
12600,0.997991897317414,0.9943884445022947,0.9976443442453913,0.9918315225664397
12630,0.9980052062095434,0.9944366304562277,0.9978082283017919,0.9918823448836325
12660,0.9980106685893062,0.9944812024636156,0.9979645670517285,0.9919328646870323
12690,0.9980147729188518,0.9945233651733071,0.9981145677442351,0.9919827794628466
12720,0.9980175463591845,0.9945658290452104,0.9982603430651219,0.9920320892110753
12750,0.998018979856636,0.9946116057014468,0.9984046093247159,0.9920804914179256
12780,0.9980190719022619,0.9946591893309558,0.9985401230288115,0.9921282885971902
12810,0.9980193561874408,0.9947070741226766,0.9986647714915988,0.9921760857764547
12840,0.99801988733597,0.9947549589143972,0.9987758384027507,0.9922238829557192
12870,0.9980207082018793,0.9948025425439062,0.9988706074519401,0.9922719826487766
12900,0.9980218489640618,0.9948477168757183,0.9989472677656155,0.9923200823418341
12930,0.9980233307477434,0.994887169125501,0.9990067247805527,0.9923681820348916
12960,0.9980338631816507,0.9949248144020112,0.9990532038683717,0.9924159792141561
12990,0.9980467495692679,0.9949699887338233,0.9990924394619851,0.9924634738796279
13020,0.998054203756016,0.99502449909421,0.9991283551207543,0.9925106660313068
13050,0.998059847209141,0.9950859361854745,0.999161856281455,0.9925587657243643
13080,0.9980659131667783,0.995150987223284,0.9991929429440872,0.9926089830139714
13110,0.9980718584088407,0.9952166405855176,0.999221373658844,0.9926619229277137
13140,0.9980778941875842,0.9952822939477511,0.9992468164322411,0.9927178879793843
13170,0.9980834471040282,0.9953482484721969,0.9992690298144714,0.9927768781689831
13200,0.9980859278090918,0.9954129983477943,0.9992877421745024,0.9928385909827171
13230,0.9980872918950877,0.995474736601271,0.9993028026062049,0.9929030264205865
13260,0.9980923317703385,0.9955340655570509,0.9993152976337094,0.9929710920239696
13290,0.998106576208173,0.9955918887017704,0.9993277624799881,0.9930436953342449
13320,0.9981310814698715,0.9956509164953383,0.9993425512806577,0.9931217438927907
13350,0.998161018932439,0.9957138593976631,0.9993604487475907,0.9932064477547787
13380,0.9981939139265911,0.9957801150843211,0.9993813039746574,0.9932978069202086
13410,0.9982304303879891,0.9958493823930997,0.9994042115250825,0.9933949138477018
13440,0.9982705683166332,0.9959210589995751,0.999428084874735,0.9934956509407089
13470,0.9983125169789002,0.9959927356060505,0.9994521694929686,0.99359790060268
13500,0.9983544656411673,0.9960644122125257,0.9994761333862987,0.9936995452370655
13530,0.9983964143034343,0.996135787656789,0.9994999765547254,0.9937990722749013
13560,0.9984380611767643,0.9962050549655677,0.9995238800856039,0.993895271661016
13590,0.998480915205843,0.9962716118144375,0.999548025066289,0.99398814339541
13620,0.9985267871242932,0.9963372651766711,0.9995718078722641,0.9940785950194613
13650,0.9985744697763668,0.9964029185389046,0.9995936590797841,0.9941690466435127
13680,0.9986224542173774,0.9964685719011382,0.9996117678152979,0.9942634309468706
13710,0.9986704386583879,0.9965345264255839,0.9996248966485456,0.9943665881502203
13740,0.9987184230993985,0.9965992763011813,0.9996331059419785,0.9944815433914896
13770,0.998766407540409,0.9966610145546579,0.9996372709511467,0.9946089016982642
13800,0.9988143919814196,0.9967209458348621,0.999638529508265,0.9947480580429586
13830,0.9988617728445558,0.9967805759528542,0.9996385420938362,0.9948965923152302
13860,0.9989064376072575,0.9968402060708462,0.9996386305248279,0.9950511768633582
13890,0.9989477826916504,0.9968998361888383,0.9996388333426656,0.9952072739804502
13920,0.9989861098866715,0.9969594663068303,0.9996391864630082,0.9953609509871996
13950,0.9990223245591322,0.9970190964248223,0.9996397236888285,0.9955076701767144
13980,0.999058237442656,0.9970787265428144,0.9996404752013524,0.9956444064110662
14010,0.9990935467483053,0.9971383566608064,0.999641468163683,0.9957705546626696
14040,0.9991246310088343,0.9971982879410106,0.9996427297389238,0.9958897450970383
14070,0.9991505848574311,0.9972576168967904,0.9996442840720553,0.9960086330176142
14100,0.999173882963381,0.997319053988055,0.9996461492718133,0.9961335712140463
14130,0.9991929258453166,0.9973892247834698,0.9996483464650556,0.9962687948794342
14160,0.9992061743796586,0.997464214174278,0.9996508877242727,0.9964164216103273
14190,0.999217883790421,0.9975367942673896,0.9996537911582001,0.996576148892933
14220,0.9992299251690141,0.9976081697116528,0.9996570507305925,0.9967443465617375
14250,0.9992418760109261,0.9976807498047645,0.9996607026589213,0.9969155693684701
14280,0.9992537966739444,0.9977560403577846,0.9996654109301547,0.9970846745786531
14310,0.9992662605570497,0.9978343425329257,0.9996753707346873,0.9972483345405655
14340,0.9992814405405895,0.9979165598168239,0.999687020687868,0.9974050366852429
14370,0.9992990650145204,0.9980008852362064,0.9996980066540797,0.9975541759851003
14400,0.9993170516351759,0.9980837048445288,0.9997074835589987,0.9976969624953085
14430,0.9993351589714063,0.998166524452851,0.9997151797715922,0.9978355138124173
14460,0.999355046862366,0.9982502475478094,0.9997215781914738,0.9979725525605619
14490,0.9993786769361467,0.9983345729671921,0.9997277653427745,0.9981117089052564
14520,0.9994058379404923,0.9984219100086956,0.9997345561185922,0.9982563104982214
14550,0.9994372239899584,0.9985119575101079,0.9997425239622183,0.9984066598532497
14580,0.9994722315066706,0.9986068236069134,0.9997521819544923,0.9985597318324136
14610,0.9995081443901944,0.9987098210834451,0.9997640129950282,0.9987100811874421
14640,0.999544057273718,0.998817034830946,0.9997781076275031,0.9988537752390285
14670,0.9995823844687391,0.9989245497406589,0.999794103677207,0.9989883938768308
14700,0.999623729553132,0.9990320646503718,0.999811789875559,0.9991130295594701
14730,0.9996659800043364,0.9991392783978726,0.9998312869474622,0.9992288923421178
14760,0.9997100411891636,0.9992416735499803,0.999852564711691,0.9993380998213236
14790,0.9997571202633627,0.9993350338357253,0.9998753213559869,0.9994442821626013
14820,0.9998051047043733,0.9994238766882891,0.9998991343431878,0.999550464503879
14850,0.9998527873564469,0.9995133218652773,0.999923671679809,0.9996587644417062
14880,0.9999007717974574,0.9996039716911136,0.9999487824597215,0.9997706945450473
14910,0.9999502651831539,0.999698235463495,0.9999743761392479,0.9998853472725238
14940,0.999983461966243,0.9997988236423301,0.9999914587130827,0.9999618832621056
14970,1.0,0.9998994118211652,1.0,1.0
15000,1.0,1.0,1.0,1.0
