Seconds,EPA_highway,EPA_city,WLTC_3b_low,WLTC_3b_middle,WLTC_3b_high,WLTC_3b_extrahigh,WLTC_2_low,WLTC_2_middle,WLTC_2_high,WLTC_2_full,WLTC_3b_full,EPA_full
0,0,0,0,0,0,0,0,0,0,0,0,0
1,0,0,0,0,0,0,0,0,0,0,0,0
2,0,0,0,0,0,2.2,0,0,0,0,0,0
3,3.22,0,0,0,0,4.4,0,0,0,0,0,0
4,7.89,0,0,0,0,6.3,0,0,0,0,0,0
5,13.04,0,0,0,0.8,7.9,0,0,1.1,0,0,0
6,18.19,0,0,0,3.6,9.2,0,0,3,0,0,0
7,23.34,0,0,0,8.6,10.4,0,0,5.7,0,0,0
8,27.84,0,0,0,14.6,11.5,0,0,8.4,0,0,0
9,31.54,0,0,0,20,12.9,0,0,11.1,0,0,0
10,35.08,0,0,0,24.4,14.7,0,0,14,0,0,0
11,38.62,0,0,0,28.2,17,0,0,17,0,0,0
12,41.52,0,0.2,1,31.7,19.8,0,1.6,20.1,0,0.2,0
13,43.61,0,1.7,2.1,35,23.1,1.2,3.6,22.7,1.2,1.7,0
14,45.06,0,5.4,4.8,37.6,26.7,2.6,6.3,23.6,2.6,5.4,0
15,46.67,0,9.9,9.1,39.7,30.5,4.9,9,24.5,4.9,9.9,0
16,48.28,0,13.1,14.2,41.5,34.1,7.3,11.8,24.8,7.3,13.1,0
17,49.41,0,16.9,19.8,43.6,37.5,9.4,14.2,24.7,9.4,16.9,0
18,50.69,0,21.7,25.5,46,40.6,11.4,16.6,24.6,11.4,21.7,0
19,51.82,0,26,30.5,48.4,43.3,12.7,18.5,24.8,12.7,26,0
20,52.95,0,27.5,34.8,50.5,45.7,13.3,20.8,25,13.3,27.5,0
21,53.91,4.83,28.1,38.8,51.9,47.7,13.4,23.4,25.3,13.4,28.1,4.83
22,54.88,9.5,28.3,42.9,52.6,49.3,13.3,26.9,25.6,13.3,28.3,9.5
23,55.68,13.84,28.8,46.4,52.8,50.5,13.1,30.3,26,13.1,28.8,13.84
24,56.17,18.51,29.1,48.3,52.9,51.3,12.5,32.8,26.1,12.5,29.1,18.51
25,56.49,23.01,30.8,48.7,53.1,52.1,11.1,34.1,26.3,11.1,30.8,23.01
26,57.45,27.2,31.9,48.5,53.3,52.7,8.9,34.2,26.6,8.9,31.9,27.2
27,57.78,27.84,34.1,48.4,53.1,53.4,6.2,33.6,26.9,6.2,34.1,27.84
28,57.61,29.13,36.6,48.2,52.3,54,3.8,32.1,27.3,3.8,36.6,29.13
29,56.81,33.31,39.1,47.8,50.7,54.5,1.8,30,27.7,1.8,39.1,33.31
30,56.17,34.92,41.3,47,48.8,55,0,27.5,28.1,0,41.3,34.92
31,55.52,36.05,42.5,45.9,46.5,55.6,0,25.1,28.5,0,42.5,36.05
32,55.68,36.21,43.3,44.9,43.8,56.3,0,22.8,29.3,0,43.3,36.21
33,56.01,35.57,43.9,44.4,40.3,57.2,0,20.5,30.4,0,43.9,35.57
34,56.49,34.6,44.4,44.3,36,58.5,1.5,17.9,31.8,1.5,44.4,34.6
35,57.45,33.64,44.5,44.5,30.7,60.2,2.8,15.1,33.7,2.8,44.5,33.64
36,58.1,32.83,44.2,45.1,25.4,62.3,3.8,13.4,35.8,3.8,44.2,32.83
37,58.26,31.86,42.7,45.7,21,64.7,4.6,12.8,37.8,4.6,42.7,31.86
38,58.74,27.36,39.9,46,16.7,67.1,5.3,13.7,39.5,5.3,39.9,27.36
39,59.06,23.98,37,46,13.4,69.2,6.1,16,40.8,6.1,37,23.98
40,59.38,23.98,34.6,46,12,70.7,6.6,18.1,41.8,6.6,34.6,23.98
41,59.55,24.46,32.3,46.1,12.1,71.9,7.2,20.8,42.4,7.2,32.3,24.46
42,59.55,24.94,29,46.7,12.8,72.7,7.9,23.7,43,7.9,29,24.94
43,59.55,25.75,25.1,47.7,15.6,73.4,8.7,26.5,43.4,8.7,25.1,25.75
44,59.55,27.52,22.2,48.9,19.9,73.8,9.3,29.3,44,9.3,22.2,27.52
45,59.55,30.74,20.9,50.3,23.4,74.1,10,32,44.5,10,20.9,30.74
46,59.55,33.96,20.4,51.6,24.6,74,10.7,34.5,45,10.7,20.4,33.96
47,59.71,36.53,19.5,52.6,25.2,73.6,11.5,36.8,45.5,11.5,19.5,36.53
48,60.03,36.85,18.4,53,26.4,72.5,12.3,38.6,46.1,12.3,18.4,36.85
49,60.83,36.53,17.8,53,28.8,70.8,13.3,39.8,46.5,13.3,17.8,36.53
50,62.12,36.37,17.8,52.9,31.8,68.6,14.2,40.6,46.9,14.2,17.8,36.37
51,63.25,34.28,17.4,52.7,35.3,66.2,14.8,41.1,47.4,14.8,17.4,34.28
52,64.37,30.58,15.7,52.6,39.5,64,14.7,41.9,48,14.7,15.7,30.58
53,65.5,27.52,13.1,53.1,44.5,62.2,14.4,42.8,48.5,14.4,13.1,27.52
54,66.63,25.43,12.1,54.3,49.3,60.9,14.1,44.3,49.1,14.1,12.1,25.43
55,67.91,25.43,12,55.2,53.3,60.2,13.6,45.7,49.7,13.6,12,25.43
56,69.04,28.49,12,55.5,56.4,60,12.9,47.4,50.2,12.9,12,28.49
57,70.01,31.86,12,55.9,58.9,60.4,12,48.9,50.5,12,12,31.86
58,70.81,34.76,12.3,56.3,61.2,61.4,11.1,50.6,50.8,11.1,12.3,34.76
59,71.29,37.34,12.6,56.7,62.6,63.2,10.5,52,51.1,10.5,12.6,37.34
60,71.62,38.95,14.7,56.9,63,65.6,10.3,53.7,51.3,10.3,14.7,38.95
61,72.1,39.59,15.3,56.8,62.5,68.4,10.5,55,51.3,10.5,15.3,39.59
62,72.26,40.07,15.9,56,60.9,71.6,10.2,56.8,51.3,10.2,15.9,40.07
63,72.42,40.23,16.2,54.2,59.3,74.9,9.2,58,51.3,9.2,16.2,40.23
64,72.58,39.59,17.1,52.1,58.6,78.4,7,59.8,51.2,7,17.1,39.59
65,73.06,39.43,17.8,50.1,58.6,81.8,4.8,61.1,51.1,4.8,17.8,39.43
66,73.55,39.75,18.1,47.2,58.7,84.9,2.3,62.4,51.2,2.3,18.1,39.75
67,74.03,39.91,18.4,43.2,58.8,87.4,0,63,51.4,0,18.4,39.91
68,74.51,39.75,20.3,39.2,58.8,89,0,63.5,51.6,0,20.3,39.75
69,74.83,39.59,23.2,36.5,58.8,90,0,63,51.9,0,23.2,39.59
70,75.32,39.59,26.5,34.3,59.1,90.6,0,62,52.1,0,26.5,39.59
71,75.48,40.39,29.8,31,60.1,91,0,60.4,52.3,0,29.8,40.39
72,75.64,41.2,32.6,26,61.7,91.5,0,58.6,52.4,0,32.6,41.2
73,75.8,41.36,34.4,20.7,63,92,0,56.7,52.4,0,34.4,41.36
74,75.96,40.88,35.5,15.4,63.7,92.7,0,55,52.2,0,35.5,40.88
75,76.12,40.07,36.4,13.1,63.9,93.4,0,53.7,51.9,0,36.4,40.07
76,75.96,40.23,37.4,12,63.5,94.2,0,52.7,51.6,0,37.4,40.23
77,75.8,40.88,38.5,12.5,62.3,94.9,0,51.9,51.3,0,38.5,40.88
78,75.64,41.84,39.3,14,60.3,95.7,0,51.4,51,0,39.3,41.84
79,75.48,41.84,39.5,19,58.9,96.6,0,51,50.9,0,39.5,41.84
80,75.48,41.36,39,23.2,58.4,97.7,0,50.7,51,0,39,41.36
81,75.48,42,38.5,28,58.8,98.9,0,50.6,51.5,0,38.5,42
82,75.64,42.97,37.3,32,60.2,100.4,0,50.8,52.3,0,37.3,42.97
83,75.8,44.26,37,34,62.3,102,0,51.2,53.5,0,37,44.26
84,75.8,46.03,36.7,36,63.9,103.6,0,51.7,55,0,36.7,46.03
85,75.96,47.15,35.9,38,64.5,105.2,0,52.3,56.8,0,35.9,47.15
86,75.8,47.96,35.3,40,64.4,106.8,0,53.1,58.8,0,35.3,47.96
87,75.64,48.44,34.6,40.3,63.5,108.5,0,53.8,60.9,0,34.6,48.44
88,75.48,48.92,34.2,40.5,62,110.2,0,54.5,63,0,34.2,48.92
89,74.83,49.41,31.9,39,61.2,111.9,0,55.1,65,0,31.9,49.41
90,74.51,49.41,27.3,35.7,61.3,113.7,0,55.9,66.9,0,27.3,49.41
91,74.35,49.08,22,31.8,62.6,115.3,0,56.5,68.6,0,22,49.08
92,74.51,48.92,17,27.1,65.3,116.8,0,57.1,70.1,0,17,48.92
93,74.83,48.76,14.2,22.8,68,118.2,0,57.8,71.5,0,14.2,48.76
94,75.48,48.92,12,21.1,69.4,119.5,0,58.5,72.8,0,12,48.92
95,75.8,49.57,9.1,18.9,69.7,120.7,0,59.3,73.9,0,9.1,49.57
96,76.28,48.92,5.8,18.9,69.3,121.8,0,60.2,74.9,0,5.8,48.92
97,76.77,48.12,3.6,21.3,68.1,122.6,0,61.3,75.8,0,3.6,48.12
98,77.25,47.48,2.2,23.9,66.9,123.2,0,62.4,76.6,0,2.2,47.48
99,77.57,47.96,0,25.9,66.2,123.6,0,63.4,77.2,0,0,47.96
100,78.05,48.76,0,28.4,65.7,123.7,0,64.4,77.7,0,0,48.76
101,78.54,49.41,0,30.3,64.9,123.6,0,65.4,78.1,0,0,49.41
102,79.02,49.73,0,30.9,63.2,123.3,0,66.3,78.3,0,0,49.73
103,79.18,49.89,0,31.1,60.3,123,0,67.2,78.5,0,0,49.89
104,79.02,49.73,0,31.8,55.8,122.5,0,68,78.5,0,0,49.73
105,79.02,48.92,0,32.7,50.5,122.1,0,68.8,78.5,0,0,48.92
106,78.86,47.96,0,33.2,45.2,121.5,0,69.5,78.6,0,0,47.96
107,78.86,48.12,0,32.4,40.1,120.8,0.8,70.1,78.6,0.8,0,48.12
108,79.02,48.6,0,28.3,36.2,120,1.4,70.6,78.8,1.4,0,48.6
109,79.18,49.41,0,25.8,32.9,119.1,2.3,71,79,2.3,0,49.41
110,79.34,50.21,0,23.1,29.8,118.1,3.5,71.6,79.4,3.5,0,50.21
111,79.5,51.18,0,21.8,26.6,117.1,4.7,72.2,79.7,4.7,0,51.18
112,79.66,51.82,0,21.2,23,116.2,5.9,72.8,80.2,5.9,0,51.82
113,79.66,52.14,0,21,19.4,115.5,7.4,73.5,80.5,7.4,0,52.14
114,79.66,51.82,0,21,16.3,114.9,9.2,74.1,80.9,9.2,0,51.82
115,79.5,51.02,0,20.9,14.6,114.5,11.7,74.3,81.1,11.7,0,51.02
116,79.02,46.03,0,19.9,14.2,114.1,13.5,74.3,81.2,13.5,0,46.03
117,78.7,40.72,0,17.9,14.3,113.9,15,73.7,81.3,15,0,40.72
118,78.21,35.41,0,15.1,14.6,113.7,16.2,72.6,81.2,16.2,0,35.41
119,77.89,30.09,0,12.8,15.1,113.3,16.8,71,81,16.8,0,30.09
120,77.41,24.78,0,12,16.4,112.9,17.5,69.2,80.6,17.5,0,24.78
121,76.77,19.47,0,13.2,19.1,112.2,18.8,67.1,80,18.8,0,19.47
122,76.28,14.16,0,17.1,22.5,111.4,20.3,65.3,79.1,20.3,0,14.16
123,76.12,8.85,0,21.1,24.4,110.5,22,63.8,78,22,0,8.85
124,76.44,3.54,0,21.8,24.8,109.5,23.6,62.6,76.8,23.6,0,3.54
125,76.93,0,0,21.2,22.7,108.5,24.8,61.7,75.5,24.8,0,0
126,77.09,0,0,18.5,17.4,107.7,25.6,61.2,74.1,25.6,0,0
127,77.25,0,0,13.9,13.8,107.1,26.3,60.8,72.9,26.3,0,0
128,77.09,0,0,12,12,106.6,27.2,60.7,71.9,27.2,0,0
129,77.09,0,0,12,12,106.4,28.3,60.9,71.2,28.3,0,0
130,77.09,0,0,13,12,106.2,29.6,61.2,70.9,29.6,0,0
131,77.25,0,0,16,13.9,106.2,30.9,61.7,71,30.9,0,0
132,77.25,0,0,18.5,18.8,106.2,32.2,62.1,71.5,32.2,0,0
133,77.25,0,0,20.6,25.1,106.4,33.4,62.2,72.3,33.4,0,0
134,77.09,0,0,22.5,29.8,106.5,35.1,62.2,73.2,35.1,0,0
135,76.12,0,0,24,33.8,106.8,37.2,61.6,74.1,37.2,0,0
136,74.03,0,0,26.6,38.2,107.2,38.7,60.2,74.9,38.7,0,0
137,69.68,0,0,29.9,43.4,107.8,39,58.5,75.4,39,0,0
138,66.3,0,0.2,34.8,48.9,108.5,37.4,56.5,75.5,37.4,0.2,0
139,63.57,0,1.9,37.8,53.8,109.4,33.9,54.6,75.2,33.9,1.9,0
140,63.09,0,6.1,40.2,57.8,110.5,29.7,53.2,74.5,29.7,6.1,0
141,62.76,0,11.7,41.6,61.5,111.7,26.8,52.6,73.3,26.8,11.7,0
142,62.76,0,16.4,41.9,65,113,26.1,52.8,71.7,26.1,16.4,0
143,62.93,0,18.9,42,68.4,114.1,27.2,53.5,69.9,27.2,18.9,0
144,63.57,0,19.9,42.2,71.6,115.1,29.1,54.4,67.9,29.1,19.9,0
145,64.53,0,20.8,42.4,73,115.9,30.8,55.1,65.7,30.8,20.8,0
146,65.98,0,22.8,42.7,74.3,116.5,31.9,55.6,63.5,31.9,22.8,0
147,67.59,0,25.4,43.1,76.2,116.7,32,55.5,61.2,32,25.4,0
148,69.36,0,27.7,43.7,77.9,116.6,30.7,54.9,59,30.7,27.7,0
149,70.33,0,29.2,44,79.5,116.2,28.5,54.1,56.8,28.5,29.2,0
150,70.97,0,29.8,44.1,81,115.2,26,53.2,54.7,26,29.8,0
151,71.29,0,29.4,45.3,82.3,113.8,23.4,52.1,52.7,23.4,29.4,0
152,71.45,0,27.2,46.4,83.5,112,20.7,50.8,50.9,20.7,27.2,0
153,71.78,0,22.6,47.2,84.6,110.1,17.4,49.4,49.4,17.4,22.6,0
154,71.94,0,17.3,47.3,85.5,108.3,15.2,47.7,48.1,15.2,17.3,0
155,72.26,0,13.3,47.4,86.3,107,13.5,45.6,47.1,13.5,13.3,0
156,72.74,0,12,47.4,87.1,106.1,13,43.5,46.5,13,12,0
157,73.55,0,12.6,47.5,88.1,105.8,12.4,41.4,46.3,12.4,12.6,0
158,73.87,0,14.1,47.9,89.1,105.7,12.3,38.9,46.5,12.3,14.1,0
159,74.51,0,17.2,48.6,90.1,105.7,12.2,36,47.2,12.2,17.2,0
160,75.32,0,20.1,49.4,91,105.6,12.3,32.7,48.3,12.3,20.1,0
161,75.48,0,23.4,49.8,91.7,105.3,12.4,29.4,49.7,12.4,23.4,0
162,75.64,0,25.5,49.8,92.3,104.9,12.5,26.2,51.3,12.5,25.5,0
163,75.8,0,27.6,49.7,92.8,104.4,12.6,23.5,53,12.6,27.6,0
164,76.6,5.31,29.5,49.3,93.1,104,12.7,21.7,54.9,12.7,29.5,5.31
165,77.09,10.62,31.1,48.5,93.1,103.8,12.9,20.7,56.7,12.9,31.1,10.62
166,77.25,15.93,32.1,47.6,93.1,103.9,13.9,20.2,58.6,13.9,32.1,15.93
167,77.25,21.24,33.2,46.3,93.1,104.4,16.2,19.9,60.2,16.2,33.2,21.24
168,77.09,26.55,35.2,43.7,93.1,105.1,19.3,19.5,61.6,19.3,35.2,26.55
169,76.93,31.86,37.2,39.3,93.1,106.1,22.8,18.5,62.6,22.8,37.2,31.86
170,76.12,35.73,38,34.1,93.1,107.2,25.9,17.2,63.1,25.9,38,35.73
171,75.16,39.11,37.4,29,93.1,108.5,28.5,15.8,63.1,28.5,37.4,39.11
172,74.35,41.52,35.1,23.7,93.1,109.9,30,14.8,62.8,30,35.1,41.52
173,73.87,42.49,31,18.4,93.1,111.3,29.1,14.4,62.2,29.1,31,42.49
174,73.55,41.36,27.1,14.3,93.2,112.7,27.4,14.9,61.4,27.4,27.1,41.36
175,73.22,40.39,25.3,12,93.2,113.9,25.2,15.9,60.7,25.2,25.3,40.39
176,73.06,39.75,25.1,12.8,93.3,115,23.8,17.1,60.1,23.8,25.1,39.75
177,72.9,40.23,25.9,16,93.7,116,24.4,18.3,59.8,24.4,25.9,40.23
178,72.42,40.56,27.8,19.1,94.2,116.8,26,19.4,59.9,26,27.8,40.56
179,70.81,40.88,29.2,22.4,95,117.6,29.6,20.4,60.4,29.6,29.2,40.88
180,69.36,41.52,29.6,25.6,95.8,118.4,32.2,21.2,61.4,32.2,29.6,41.52
181,67.91,43.77,29.5,30.1,96.4,119.2,35.5,21.7,62.7,35.5,29.5,43.77
182,66.79,42.65,29.2,35.3,96.8,120,37.6,21.7,64.3,37.6,29.2,42.65
183,66.79,38.62,28.3,39.9,97,120.8,39.5,21.3,66.1,39.5,28.3,38.62
184,67.75,36.53,26.1,44.5,97.1,121.6,40.6,20.3,67.9,40.6,26.1,36.53
185,69.04,31.22,23.6,47.5,97.2,122.3,41.5,19.1,69.7,41.5,23.6,31.22
186,70.01,28.49,21,50.9,97.3,123.1,42,17.9,71.4,42,21,28.49
187,70.65,27.68,18.9,54.1,97.4,123.8,42.4,16.9,73.1,42.4,18.9,27.68
188,70.17,29.13,17.1,56.3,97.4,124.4,43,16.1,74.7,43,17.1,29.13
189,69.68,29.93,15.7,58.1,97.4,125,44.2,15.6,76.2,44.2,15.7,29.93
190,69.2,32.19,14.5,59.8,97.4,125.4,45.9,15.3,77.5,45.9,14.5,32.19
191,69.36,35.73,13.7,61.1,97.3,125.8,47.7,15.2,78.6,47.7,13.7,35.73
192,69.85,39.43,12.9,62.1,97.3,126.1,49.2,15.1,79.7,49.2,12.9,39.43
193,70.65,43.93,12.5,62.8,97.3,126.4,50,15,80.6,50,12.5,43.93
194,71.29,49.08,12.2,63.3,97.3,126.6,50.2,15,81.5,50.2,12.2,49.08
195,71.78,53.91,12,63.6,97.2,126.7,50.1,15,82.2,50.1,12,53.91
196,72.26,58.26,12,64,97.1,126.8,49.8,15,83,49.8,12,58.26
197,72.1,60.03,12,64.7,97,126.9,49.4,15,83.7,49.4,12,60.03
198,71.45,63.25,12,65.2,96.9,126.9,48.9,14.8,84.4,48.9,12,63.25
199,70.65,65.18,12.5,65.3,96.7,126.9,48.5,14.5,84.9,48.5,12.5,65.18
200,69.85,67.75,13,65.3,96.4,126.8,48.2,14.1,85.1,48.2,13,67.75
201,69.52,70.01,14,65.4,96.1,126.6,48.2,13.5,85.2,48.2,14,70.01
202,69.52,72.58,15,65.7,95.7,126.3,48.1,13,84.9,48.1,15,72.58
203,69.36,74.03,16.5,66,95.5,126,47.4,12.7,84.4,47.4,16.5,74.03
204,69.2,75.32,19,65.6,95.3,125.7,45.8,12.5,83.6,45.8,19,75.32
205,69.2,76.44,21.2,63.5,95.2,125.6,43.2,12.5,82.7,43.2,21.2,76.44
206,69.36,76.44,23.8,59.7,95,125.6,40.5,12.6,81.5,40.5,23.8,76.44
207,69.85,76.12,26.9,54.6,94.9,125.8,38.2,13,80.1,38.2,26.9,76.12
208,70.65,75.96,29.6,49.3,94.7,126.2,36.7,13.6,78.7,36.7,29.6,75.96
209,70.81,75.64,32,44.9,94.5,126.6,35.8,14.6,77.4,35.8,32,75.64
210,70.01,75.64,35.2,42.3,94.4,127,35.3,15.7,76.2,35.3,35.2,75.64
211,68.56,75.64,37.5,41.4,94.4,127.4,34.8,17.1,75.4,34.8,37.5,75.64
212,66.79,75.64,39.2,41.3,94.3,127.6,34.4,18.7,74.8,34.4,39.2,75.64
213,65.5,75.64,40.5,42.1,94.3,127.8,34.3,20.2,74.3,34.3,40.5,75.64
214,64.37,75.96,41.6,44.7,94.1,127.9,34,21.9,73.8,34,41.6,75.96
215,64.37,76.28,43.1,48.4,93.9,128,33.8,23.6,73.2,33.8,43.1,76.28
216,64.86,77.09,45,51.4,93.4,128.1,33.6,25.4,72.4,33.6,45,77.09
217,65.98,78.05,47.1,52.7,92.8,128.2,33.5,27.1,71.6,33.5,47.1,78.05
218,67.59,79.02,49,53,92,128.3,33.5,28.9,70.8,33.5,49,79.02
219,68.72,79.66,50.6,52.5,91.3,128.4,33.4,30.4,70.1,33.4,50.6,79.66
220,69.36,80.47,51.8,51.3,90.6,128.5,33.3,32,69.6,33.3,51.8,80.47
221,69.52,81.43,52.7,49.7,90,128.6,33.3,33.4,69.3,33.3,52.7,81.43
222,69.85,82.08,53.1,47.4,89.3,128.6,33.2,35,69.1,33.2,53.1,82.08
223,70.65,82.88,53.5,43.7,88.7,128.5,33.1,36.4,69,33.1,53.5,82.88
224,71.29,84.01,53.8,39.7,88.1,128.3,33.1,38.1,68.8,33.1,53.8,84.01
225,71.94,85.62,54.2,35.5,87.4,128.1,32.9,39.7,68.6,32.9,54.2,85.62
226,72.58,87.07,54.8,31.1,86.7,127.9,32.8,41.6,68.4,32.8,54.8,87.07
227,73.06,87.87,55.3,26.3,86,127.6,32.7,43.3,68.1,32.7,55.3,87.87
228,73.71,88.35,55.8,21.9,85.3,127.4,32.6,45.1,67.8,32.6,55.8,88.35
229,74.83,88.51,56.2,18,84.7,127.2,32.3,46.9,67.5,32.3,56.2,88.51
230,75.48,88.35,56.5,17,84.1,127,31.9,48.7,67.1,31.9,56.5,88.35
231,75.96,87.87,56.5,18,83.5,126.9,31.3,50.5,66.7,31.3,56.5,87.87
232,76.28,87.87,56.2,21.4,82.9,126.8,30.9,52.4,66.3,30.9,56.2,87.87
233,76.12,88.19,54.9,24.8,82.3,126.7,30.5,54.1,65.8,30.5,54.9,88.19
234,76.12,88.67,52.9,27.9,81.7,126.8,30.5,55.7,65.5,30.5,52.9,88.67
235,75.96,89.32,51,30.8,81.1,126.9,30.7,57,65.1,30.7,51,89.32
236,75.96,89.64,49.8,33,80.5,127.1,31.4,58.2,64.9,31.4,49.8,89.64
237,75.96,90.28,49.2,35.1,79.9,127.4,32.4,59.3,64.6,32.4,49.2,90.28
238,75.8,90.61,48.4,37.1,79.4,127.7,33.7,60.1,64.4,33.7,48.4,90.61
239,75.64,91.09,46.9,38.9,79,128.1,35.1,60.9,64.1,35.1,46.9,91.09
240,75.64,91.25,44.3,41.4,78.7,128.5,36.3,61.6,63.8,36.3,44.3,91.25
241,75.48,91.25,41.5,44,78.7,129,37.3,62.2,63.5,37.3,41.5,91.25
242,75.32,90.93,39.5,46.3,78.8,129.5,37.9,62.7,63.2,37.9,39.5,90.93
243,75.48,90.93,37,47.7,79.1,130.1,38.4,63.2,62.8,38.4,37,90.93
244,75.64,90.93,34.6,48.2,79.4,130.6,38.6,63.4,62.4,38.6,34.6,90.93
245,75.96,90.93,32.3,48.7,79.6,131,38.8,63.5,62,38.8,32.3,90.93
246,76.44,90.93,29,49.3,79.8,131.2,39,63.5,61.4,39,29,90.93
247,77.09,90.93,25.1,49.8,79.8,131.3,39.2,63.7,60.8,39.2,25.1,90.93
248,77.25,90.77,22.2,50.2,79.6,131.2,39.4,64,59.8,39.4,22.2,90.77
249,77.25,90.28,20.9,50.9,79.3,130.7,39.5,64.6,58.6,39.5,20.9,90.28
250,77.25,89.8,20.4,51.8,78.9,129.8,39.6,65.3,56.9,39.6,20.4,89.8
251,77.25,88.67,19.5,52.5,78.5,128.4,39.8,66.2,54.8,39.8,19.5,88.67
252,77.25,87.87,18.4,53.3,78.2,126.5,40,66.9,52.4,40,18.4,87.87
253,77.41,87.23,17.8,54.5,77.9,124.1,40.5,67.8,49.9,40.5,17.8,87.23
254,77.57,86.9,17.8,55.7,77.7,121.6,41.1,68.6,47.3,41.1,17.8,86.9
255,77.57,86.42,17.4,56.5,77.7,119,41.9,69.4,44.8,41.9,17.4,86.42
256,77.41,86.26,15.7,56.8,77.8,116.5,42.8,70.1,42.6,42.8,15.7,86.26
257,78.21,86.74,14.5,57,77.9,114.1,43.8,70.9,40.7,43.8,14.5,86.74
258,78.7,86.9,15.4,57.2,78.1,111.8,45.5,71.7,39.3,45.5,15.4,86.9
259,79.02,87.07,17.9,57.7,78.3,109.5,45.9,72.5,38.4,45.9,17.9,87.07
260,79.02,87.07,20.6,58.7,78.3,107.1,45.8,73.2,38.1,45.8,20.6,87.07
261,79.02,86.58,23.2,60.1,78.4,104.8,45.4,73.8,38.1,45.4,23.2,86.58
262,79.02,85.94,25.7,61.1,78.4,102.5,44.8,74.4,38.5,44.8,25.7,85.94
263,79.02,85.3,28.7,61.7,78.4,100.4,44.6,74.7,39.1,44.6,28.7,85.3
264,78.86,84.65,32.5,62.3,78.2,98.6,45,74.7,39.9,45,32.5,84.65
265,78.7,83.85,36.1,62.9,78,97.2,45.9,74.6,40.8,45.9,36.1,83.85
266,77.57,84.33,39,63.3,77.7,95.9,47,74.2,41.7,47,39,84.33
267,76.77,83.69,40.8,63.4,77.3,94.8,47.9,73.5,42.4,47.9,40.8,83.69
268,76.44,83.52,42.9,63.5,76.9,93.8,48.3,72.6,43.1,48.3,42.9,83.52
269,75.96,83.2,44.4,64.5,76.6,92.8,48.3,71.8,43.6,48.3,44.4,83.2
270,75.16,82.88,45.9,65.8,76.2,91.8,48.2,71,44.2,48.2,45.9,82.88
271,74.35,83.04,46,66.8,75.7,91,48,70.1,44.8,48,46,83.04
272,74.03,83.36,45.6,67.4,75.2,90.2,47.7,69.4,45.5,47.7,45.6,83.36
273,73.71,83.85,45.3,68.8,74.7,89.6,47.2,68.9,46.3,47.2,45.3,83.85
274,73.39,84.49,43.7,71.1,74.4,89.1,46.5,68.4,47.2,46.5,43.7,84.49
275,73.06,85.3,40.8,72.3,74.3,88.6,45.2,67.9,48.1,45.2,40.8,85.3
276,72.74,86.1,38,72.8,74.4,88.1,43.7,67.1,49.1,43.7,38,86.1
277,72.42,86.9,34.4,73.4,74.6,87.6,42,65.8,50,42,34.4,86.9
278,71.94,88.35,30.9,74.6,74.9,87.1,40.4,63.9,51,40.4,30.9,88.35
279,71.62,89.16,25.5,76,75.1,86.6,39,61.4,51.9,39,25.5,89.16
280,71.13,89.48,21.4,76.6,75.3,86.1,37.7,58.4,52.7,37.7,21.4,89.48
281,70.01,90.12,20.2,76.5,75.5,85.5,36.4,55.4,53.4,36.4,20.2,90.12
282,68.88,90.12,22.9,76.2,75.8,85,35.2,52.4,54.1,35.2,22.9,90.12
283,67.59,89.8,26.6,75.8,75.9,84.4,34.3,50,54.8,34.3,26.6,89.8
284,64.53,88.84,30.2,75.4,76,83.8,33.8,48.3,55.5,33.8,30.2,88.84
285,62.12,87.71,34.1,74.8,76,83.2,33.3,47.3,56.3,33.3,34.1,87.71
286,60.35,86.26,37.4,73.9,76,82.6,32.5,46.8,57.2,32.5,37.4,86.26
287,57.61,84.49,40.7,72.7,75.9,82,30.9,46.9,58.2,30.9,40.7,84.49
288,55.84,82.88,44,71.3,75.9,81.3,28.6,47.1,59.2,28.6,44,82.88
289,54.72,82.88,47.3,70.4,75.8,80.4,25.9,47.5,60,25.9,47.3,82.88
290,53.59,82.88,49.2,70,75.7,79.1,23.1,47.8,60.8,23.1,49.2,82.88
291,52.3,82.24,49.8,70,75.5,77.4,20.1,48.3,61.5,20.1,49.8,82.24
292,51.02,80.63,49.2,69,75.2,75.1,17.3,48.8,62.2,17.3,49.2,80.63
293,49.25,80.47,48.1,68,75,72.3,15.1,49.5,62.9,15.1,48.1,80.47
294,47.64,80.63,47.3,68,74.7,69.1,13.7,50.2,63.7,13.7,47.3,80.63
295,46.35,80.47,46.8,68,74.1,65.9,13.4,50.8,64.4,13.4,46.8,80.47
296,45.71,79.82,46.7,68.1,73.7,62.7,13.9,51.4,65.1,13.9,46.7,79.82
297,46.03,79.66,46.8,68.4,73.3,59.7,15,51.8,65.9,15,46.8,79.66
298,47.48,79.66,47.1,68.6,73.5,57,16.3,51.9,66.6,16.3,47.1,79.66
299,50.53,79.66,47.3,68.7,74,54.6,17.4,51.7,67.1,17.4,47.3,79.66
300,53.75,79.02,47.3,68.5,74.9,52.2,18.2,51.2,66.8,18.2,47.3,79.02
301,57.29,78.21,47.1,68.1,76.1,49.7,18.6,50.4,65.6,18.6,47.1,78.21
302,60.35,77.41,46.6,67.3,77.7,46.8,18.8,49.2,63.3,18.8,46.6,77.41
303,62.93,75.96,45.8,66.2,79.2,43.5,19,47.7,60.2,19,45.8,75.96
304,64.7,74.19,44.8,64.8,80.3,39.9,19.5,46.3,56.2,19.5,44.8,74.19
305,66.14,72.42,43.3,63.6,80.8,36.4,20.1,45.1,52.2,20.1,43.3,72.42
306,67.27,70.49,41.8,62.6,81,33.2,20.5,44.2,48.4,20.5,41.8,70.49
307,68.24,68.56,40.8,62.1,81,30.5,20.2,43.7,45,20.2,40.8,68.56
308,68.88,66.79,40.3,61.9,81,28.3,18.6,43.4,41.6,18.6,40.3,66.79
309,69.68,64.86,40.1,61.9,81,26.3,16.5,43.1,38.6,16.5,40.1,64.86
310,70.49,61.96,39.7,61.8,81,24.4,14.4,42.5,36.4,14.4,39.7,61.96
311,71.29,59.55,39.2,61.5,80.9,22.5,13.4,41.8,34.8,13.4,39.2,59.55
312,71.94,56.65,38.5,60.9,80.6,20.5,12.9,41.1,34.2,12.9,38.5,56.65
313,72.42,54.4,37.4,59.7,80.3,18.2,12.7,40.3,34.7,12.7,37.4,54.4
314,72.74,52.3,36,54.6,80,15.5,12.4,39.7,36.3,12.4,36,52.3
315,73.06,50.69,34.4,49.3,79.9,12.3,12.4,39.3,38.5,12.4,34.4,50.69
316,73.22,49.25,33,44.9,79.8,8.7,12.8,39.2,41,12.8,33,49.25
317,73.71,49.08,31.7,42.3,79.8,5.2,14.1,39.3,43.7,14.1,31.7,49.08
318,74.03,48.28,30,41.4,79.8,0,16.2,39.6,46.5,16.2,30,48.28
319,74.19,46.67,28,41.3,79.9,0,18.8,40,49.1,18.8,28,46.67
320,74.83,44.26,26.1,42.1,80,0,21.9,40.7,51.6,21.9,26.1,44.26
321,75.32,39.91,25.6,44.7,80.4,0,25,41.4,53.9,25,25.6,39.91
322,75.8,34.6,24.9,48.4,80.8,0,28.4,42.2,56,28.4,24.9,34.6
323,76.77,32.35,24.9,51.4,81.2,0,31.3,43.1,57.9,31.3,24.9,32.35
324,77.73,30.74,24.3,52.7,81.5,,34,44.1,59.7,34,24.3,30.74
325,78.86,29.77,23.9,54,81.6,,34.6,44.8,61.2,34.6,23.9,29.77
326,79.98,27.36,23.9,57,81.6,,33.9,45.5,62.5,33.9,23.9,27.36
327,80.95,24.94,23.6,58.1,81.4,,31.9,45.8,63.5,31.9,23.6,24.94
328,82.08,20.12,23.3,59.2,80.7,,30,46.2,64.3,30,23.3,20.12
329,83.2,17.38,20.5,59,79.6,,28.6,46.4,65,28.6,20.5,17.38
330,84.33,12.87,17.5,59.1,78.2,,27.6,46.5,65.4,27.6,17.5,12.87
331,85.46,7.56,16.9,59.5,76.8,,27,46.5,65.7,27,16.9,7.56
332,86.58,2.25,16.7,60.5,75.3,,26.3,46.6,65.9,26.3,16.7,2.25
333,87.71,0,15.9,62.3,73.8,,25.8,46.5,65.9,25.8,15.9,0
334,88.84,0,15.6,63.9,72.1,,25.4,46.5,65.9,25.4,15.6,0
335,89.8,0,15,65.1,70.2,,25.1,46.4,65.8,25.1,15,0
336,90.77,0,14.5,64.1,68.2,,24.7,46.4,65.8,24.7,14.5,0
337,91.57,0,14.3,62.7,66.1,,24.1,46.4,65.8,24.1,14.3,0
338,91.73,0,14.5,62,63.8,,23.5,46.5,65.8,23.5,14.5,0
339,91.89,0,15.4,61.3,61.6,,22.1,46.4,65.8,22.1,15.4,0
340,92.22,0,17.8,60.9,60.2,,20.5,46.6,65.9,20.5,17.8,0
341,92.7,0,21.1,60.5,59.8,,19,46.6,66,19,21.1,0
342,93.02,0,24.1,60.2,60.4,,18.3,46.8,66,18.3,24.1,0
343,93.34,0,25,59.8,61.8,,18,46.7,66,18,25,0
344,93.5,0,25.3,59.4,62.6,,17.7,46.9,66,17.7,25.3,0
345,93.99,0,25.5,58.6,62.7,,17.4,46.9,66.1,17.4,25.5,0
346,94.47,0,26.4,57.5,61.9,,16.3,46.9,66.2,16.3,26.4,0
347,94.63,1.61,26.6,56.6,60,,14.3,46.8,66.3,14.3,26.6,1.61
348,94.79,6.92,27.1,56,58.4,,11.5,47,66.5,11.5,27.1,6.92
349,94.95,12.23,27.7,55.5,57.8,,8.6,46.9,66.7,8.6,27.7,12.23
350,94.95,17.54,28.1,55,57.8,,5.5,46.9,66.9,5.5,28.1,17.54
351,94.79,22.85,28.2,54.4,57.8,,3.1,46.9,67,3.1,28.2,22.85
352,94.63,27.84,28.1,54.1,57.3,,1.2,46.8,67.1,1.2,28.1,27.84
353,94.31,32.19,28,54,56.2,,0,46.2,67.1,0,28,32.19
354,93.99,36.21,27.9,53.9,54.3,,0,45.6,67,0,27.9,36.21
355,93.66,38.14,27.9,53.9,50.8,,0,44.9,66.9,0,27.9,38.14
356,93.5,40.56,28.1,54,45.5,,0,44.3,66.8,0,28.1,40.56
357,93.34,42.81,28.2,54.2,40.2,,0,43.8,66.7,0,28.2,42.81
358,93.18,45.22,28,55,34.9,,0,43.6,66.7,0,28,45.22
359,92.7,48.28,26.9,55.8,29.6,,0,43.5,66.8,0,26.9,48.28
360,92.38,49.57,25,56.2,27.3,,1.4,43.6,67,1.4,25,49.57
361,92.05,50.86,23.2,56.1,29.3,,3.2,43.6,67.4,3.2,23.2,50.86
362,91.89,51.66,21.9,55.1,32.9,,5.6,43.5,67.9,5.6,21.9,51.66
363,91.73,52.79,21.1,52.7,35.6,,8.1,43.5,68.6,8.1,21.1,52.79
364,91.73,54.07,20.7,48.4,36.7,,10.3,43.5,69.1,10.3,20.7,54.07
365,91.57,55.52,20.7,43.1,37.6,,12.1,43.4,69.5,12.1,20.7,55.52
366,91.57,55.68,20.8,37.8,39.4,,13,43.2,69.8,13,20.8,55.68
367,91.57,56.17,21.2,32.5,42.5,,13.5,43,69.9,13.5,21.2,56.17
368,91.73,56.01,22.1,27.2,46.5,,14.2,42.7,69.5,14.2,22.1,56.01
369,91.73,55.52,23.5,25.1,50.2,,15.2,42.4,68.9,15.2,23.5,55.52
370,91.73,55.84,24.3,26,52.8,,16.7,42.3,68.1,16.7,24.3,55.84
371,91.73,57.13,24.5,29.3,54.3,,18.3,42.2,67.4,18.3,24.5,57.13
372,91.73,57.94,23.8,34.6,54.9,,19.8,42.1,66.7,19.8,23.8,57.94
373,91.73,57.94,21.3,40.4,54.9,,21,42.1,66.3,21,21.3,57.94
374,91.73,57.94,17.7,45.3,54.7,,22.1,41.9,66.2,22.1,17.7,57.94
375,91.73,57.94,14.4,49,54.1,,23.5,41.7,66.3,23.5,14.4,57.94
376,91.73,57.94,11.9,51.1,53.2,,25.1,41.5,66.5,25.1,11.9,57.94
377,91.57,57.94,10.2,52.1,52.1,,27.1,41.3,66.7,27.1,10.2,57.94
378,91.41,58.1,8.9,52.2,50.7,,29,41.2,66.9,29,8.9,58.1
379,90.93,58.58,8,52.1,49.1,,30.5,41,67,30.5,8,58.58
380,90.44,58.74,7.2,51.7,47.4,,31.2,40.9,67.1,31.2,7.2,58.74
381,90.12,58.58,6.1,50.9,45.2,,31.2,40.6,67.1,31.2,6.1,58.58
382,90.12,57.94,4.9,49.2,41.8,,30.7,39.7,67,30.7,4.9,57.94
383,90.12,56.49,3.7,45.9,36.5,,29.8,37.5,66.9,29.8,3.7,56.49
384,90.28,54.88,2.3,40.6,31.2,,28.6,35.5,66.8,28.6,2.3,54.88
385,90.77,53.91,0.9,35.3,27.6,,27.4,33.3,66.7,27.4,0.9,53.91
386,91.25,50.53,0,30,26.9,,26.6,31.4,66.7,26.6,0,50.53
387,91.57,46.67,0,24.7,27.3,,26.1,28.4,66.8,26.1,0,46.67
388,91.89,41.36,0,19.3,27.5,,25.7,25.3,67,25.7,0,41.36
389,92.22,37.01,0,16,27.4,,24.9,22.4,67.3,24.9,0,37.01
390,92.38,32.67,0,13.2,27.1,,23.8,19.1,67.7,23.8,0,32.67
391,92.38,28.16,0,10.7,26.7,,22.4,15.5,68.1,22.4,0,28.16
392,92.05,23.34,0.5,8.8,26.8,,21.3,12,68.6,21.3,0.5,23.34
393,91.73,19.31,2.1,7.2,28.2,,20.7,8.8,69,20.7,2.1,19.31
394,91.57,14,4.8,5.5,31.1,,20.1,6,69.3,20.1,4.8,14
395,91.09,8.69,8.3,3.2,34.8,,19.2,3.6,69.3,19.2,8.3,8.69
396,90.61,3.38,12.3,1.1,38.4,,17.6,1.6,69.2,17.6,12.3,3.38
397,90.28,0,16.6,0,40.9,,16.2,0,68.8,16.2,16.6,0
398,90.77,0,20.9,0,41.7,,15.3,0,68.2,15.3,20.9,0
399,91.25,0,24.2,0,40.9,,14.7,0,67.6,14.7,24.2,0
400,91.89,0,25.6,0,38.3,,14.2,0,67.4,14.2,25.6,0
401,92.54,0,25.6,0,35.3,,13.7,0,67.2,13.7,25.6,0
402,93.02,0,24.9,0,34.3,,13.4,0,66.9,13.4,24.9,0
403,93.34,4.18,23.3,0,34.6,,13,0,66.3,13,23.3,4.18
404,93.34,9.5,21.6,0,36.3,,12.8,0,65.4,12.8,21.6,9.5
405,93.34,14.81,20.2,0,39.5,,12.5,0,64,12.5,20.2,14.81
406,93.34,20.12,18.7,0,41.8,,12.1,0,62.4,12.1,18.7,20.12
407,93.34,25.43,17,0,42.5,,11.1,0,60.6,11.1,17,25.43
408,93.34,30.74,15.3,0,41.9,,9.6,0,58.6,9.6,15.3,30.74
409,93.18,36.05,14.2,0,40.1,,7.4,0,56.7,7.4,14.2,36.05
410,93.02,40.23,13.9,0,36.6,,4.9,0,54.8,4.9,13.9,40.23
411,92.86,41.2,14,0,31.3,,2.9,0,53,2.9,14,41.2
412,92.86,44.26,14.2,0,26,,1.2,0,51.3,1.2,14.2,44.26
413,93.02,46.67,14.5,0,20.6,,0,0,49.6,0,14.5,46.67
414,93.18,48.28,14.9,0,19.1,,0,0,47.8,0,14.9,48.28
415,93.34,48.44,15.9,0,19.7,,0,0,45.5,0,15.9,48.44
416,93.5,48.28,17.4,0,21.1,,0,0,42.8,0,17.4,48.28
417,93.99,47.8,18.7,0,22,,0,0,39.8,0,18.7,47.8
418,94.79,47.15,19.1,0,22.1,,0,0,36.5,0,19.1,47.15
419,95.11,46.35,18.8,0,21.4,,0,0,33,0,18.8,46.35
420,95.59,45.06,17.6,0,19.6,,0,0,29.5,0,17.6,45.06
421,96.24,40.23,16.6,0,18.3,,0,0,25.8,0,16.6,40.23
422,96.4,34.92,16.2,0,18,,0,0,22.1,0,16.2,34.92
423,96.4,29.61,16.4,0,18.3,,0,0,18.6,0,16.4,29.61
424,96.24,24.3,17.2,0,18.5,,0,0,15.3,0,17.2,24.3
425,95.92,18.99,19.1,0,17.9,,0,0,12.4,0,19.1,18.99
426,95.59,13.68,22.6,0,15,,0,0,9.6,0,22.6,13.68
427,95.27,8.37,27.4,0,9.9,,0,0,6.6,0,27.4,8.37
428,95.11,3.06,31.6,0,4.6,,0,0,3.8,0,31.6,3.06
429,94.95,0,33.4,0,1.2,,0,0,1.6,0,33.4,0
430,94.79,0,33.5,0,0,,0,0,0,0,33.5,0
431,94.47,0,32.8,0,0,,0,0,0,0,32.8,0
432,94.31,0,31.9,0,0,,0,0,0,0,31.9,0
433,94.15,0,31.3,0,0,,0,0,0,0,31.3,0
434,93.99,0,31.1,,0,,0,,0,0,31.1,0
435,93.99,0,30.6,,0,,0,,0,0,30.6,0
436,93.82,0,29.2,,0,,0,,0,0,29.2,0
437,93.66,0,26.7,,0,,0,,0,0,26.7,0
438,93.5,0,23,,0,,0,,0,0,23,0
439,93.34,0,18.2,,0,,0,,0,0,18.2,0
440,93.18,0,12.9,,0,,0,,0,0,12.9,0
441,93.18,0,7.7,,0,,0,,0,0,7.7,0
442,93.18,0,3.8,,0,,0,,0,0,3.8,0
443,93.18,0,1.3,,0,,0,,0,0,1.3,0
444,93.18,0,0.2,,0,,0,,0,0,0.2,0
445,93.34,0,0,,0,,0,,0,0,0,0
446,93.5,0,0,,0,,0,,0,0,0,0
447,93.5,0,0,,0,,0,,0,0,0,0
448,93.66,5.31,0,,0,,0,,0,0,0,5.31
449,93.66,10.62,0,,0,,0,,0,0,0,10.62
450,93.66,15.93,0,,0,,0,,0,0,0,15.93
451,93.5,21.24,0,,0,,0,,0,0,0,21.24
452,93.34,26.55,0,,0,,0,,0,0,0,26.55
453,93.34,31.86,0,,0,,0,,0,0,0,31.86
454,93.34,37.18,0,,0,,0,,0,0,0,37.18
455,93.34,42.49,0,,0,,0,,0,0,0,42.49
456,93.34,44.74,0,,,,0,,,0,0,44.74
457,93.34,46.83,0,,,,0,,,0,0,46.83
458,93.18,50.69,0,,,,0,,,0,0,50.69
459,93.18,53.11,0,,,,0,,,0,0,53.11
460,93.34,54.07,0,,,,0,,,0,0,54.07
461,93.5,56.01,0,,,,0,,,0,0,56.01
462,93.5,56.49,0,,,,0,,,0,0,56.49
463,93.66,57.29,0,,,,0,,,0,0,57.29
464,93.82,58.1,0,,,,0,,,0,0,58.1
465,93.82,57.94,0,,,,0,,,0,0,57.94
466,93.82,58.1,0,,,,0,,,0,0,58.1
467,93.66,58.26,0,,,,0,,,0,0,58.26
468,93.5,57.94,0,,,,0,,,0,0,57.94
469,93.34,57.45,0,,,,0,,,0,0,57.45
470,93.02,57.94,0,,,,0,,,0,0,57.94
471,92.54,57.94,0,,,,0,,,0,0,57.94
472,91.89,57.29,0,,,,0,,,0,0,57.29
473,91.73,57.13,0,,,,0,,,0,0,57.13
474,91.09,56.97,0,,,,0,,,0,0,56.97
475,90.28,56.65,0,,,,0,,,0,0,56.65
476,90.12,56.65,0,,,,0,,,0,0,56.65
477,89.8,56.65,0,,,,0,,,0,0,56.65
478,89.32,56.65,0,,,,0,,,0,0,56.65
479,88.84,56.65,0,,,,0,,,0,0,56.65
480,88.67,56.65,0,,,,0,,,0,0,56.65
481,88.51,56.33,0,,,,1.4,,,1.4,0,56.33
482,88.35,56.49,0,,,,2.5,,,2.5,0,56.49
483,88.35,56.65,0,,,,5.2,,,5.2,0,56.65
484,88.35,57.13,0,,,,7.9,,,7.9,0,57.13
485,88.35,56.65,0,,,,10.3,,,10.3,0,56.65
486,88.35,56.33,0,,,,12.8,,,12.8,0,56.33
487,88.35,56.33,0,,,,15.1,,,15.1,0,56.33
488,88.51,56.33,0,,,,17.4,,,17.4,0,56.33
489,88.51,56.01,0,,,,19.6,,,19.6,0,56.01
490,88.51,55.68,0,,,,21.8,,,21.8,0,55.68
491,88.51,55.52,0,,,,24.4,,,24.4,0,55.52
492,88.51,53.91,0,,,,26.5,,,26.5,0,53.91
493,88.51,51.5,0,,,,28.8,,,28.8,0,51.5
494,88.67,48.44,0,,,,30.6,,,30.6,0,48.44
495,88.67,45.06,0,,,,32,,,32,0,45.06
496,88.51,41.04,0,,,,32.8,,,32.8,0,41.04
497,88.35,36.21,0,,,,33.3,,,33.3,0,36.21
498,88.35,31.86,0,,,,34,,,34,0,31.86
499,88.19,26.55,0,,,,35,,,35,0,26.55
500,88.03,21.24,0,,,,36.1,,,36.1,0,21.24
501,87.87,16.58,0,,,,36.6,,,36.6,0,16.58
502,87.55,11.59,0,,,,36.9,,,36.9,0,11.59
503,87.39,6.44,0,,,,37.1,,,37.1,0,6.44
504,87.39,1.61,0,,,,37.6,,,37.6,0,1.61
505,87.23,0,0,,,,38,,,38,0,0
506,87.07,0,0,,,,38.1,,,38.1,0,0
507,87.07,0,0,,,,37.7,,,37.7,0,0
508,87.07,0,0,,,,36.9,,,36.9,0,0
509,86.9,0,0,,,,36.1,,,36.1,0,0
510,86.9,0,0,,,,35.7,,,35.7,0,0
511,86.9,1.93,0,,,,35.9,,,35.9,0,1.93
512,86.9,5.63,0.5,,,,36.5,,,36.5,0.5,5.63
513,86.9,8.85,2.5,,,,37.8,,,37.8,2.5,8.85
514,86.9,10.46,6.6,,,,39.2,,,39.2,6.6,10.46
515,86.9,13.68,11.8,,,,40.6,,,40.6,11.8,13.68
516,86.9,15.45,16.8,,,,41.9,,,41.9,16.8,15.45
517,87.07,16.9,20.5,,,,42.9,,,42.9,20.5,16.9
518,87.23,19.15,21.9,,,,43.6,,,43.6,21.9,19.15
519,87.71,22.53,21.9,,,,44.1,,,44.1,21.9,22.53
520,88.19,25.75,21.3,,,,44.5,,,44.5,21.3,25.75
521,88.35,28.49,20.3,,,,44.9,,,44.9,20.3,28.49
522,88.51,30.58,19.2,,,,45.4,,,45.4,19.2,30.58
523,88.67,32.35,17.8,,,,44.5,,,44.5,17.8,32.35
524,88.84,33.8,15.5,,,,42.5,,,42.5,15.5,33.8
525,88.84,35.41,11.9,,,,39.5,,,39.5,11.9,35.41
526,89,37.01,7.6,,,,36.5,,,36.5,7.6,37.01
527,89.16,38.3,4,,,,33.5,,,33.5,4,38.3
528,89.32,39.43,2,,,,30.4,,,30.4,2,39.43
529,89.48,40.07,1,,,,27,,,27,1,40.07
530,89.64,40.23,0,,,,23.6,,,23.6,0,40.23
531,89.8,40.23,0,,,,21,,,21,0,40.23
532,89.96,40.23,0,,,,20.5,,,20.5,0,40.23
533,90.12,40.23,0.2,,,,22.3,,,22.3,0.2,40.23
534,90.12,40.23,1.2,,,,24.8,,,24.8,1.2,40.23
535,90.12,40.23,3.2,,,,27.9,,,27.9,3.2,40.23
536,90.12,41.2,5.2,,,,30.3,,,30.3,5.2,41.2
537,90.12,41.52,8.2,,,,33.2,,,33.2,8.2,41.52
538,90.12,41.84,13,,,,35.4,,,35.4,13,41.84
539,90.12,41.2,18.8,,,,38,,,38,18.8,41.2
540,90.12,40.56,23.1,,,,40.1,,,40.1,23.1,40.56
541,90.12,40.23,24.5,,,,42.7,,,42.7,24.5,40.23
542,90.12,40.23,24.5,,,,44.5,,,44.5,24.5,40.23
543,90.12,40.23,24.3,,,,46.3,,,46.3,24.3,40.23
544,90.12,39.27,23.6,,,,47.6,,,47.6,23.6,39.27
545,90.12,37.18,22.3,,,,48.8,,,48.8,22.3,37.18
546,90.12,31.86,20.1,,,,49.7,,,49.7,20.1,31.86
547,89.96,26.55,18.5,,,,50.6,,,50.6,18.5,26.55
548,89.96,21.24,17.2,,,,51.4,,,51.4,17.2,21.24
549,89.96,15.93,16.3,,,,51.4,,,51.4,16.3,15.93
550,89.8,10.62,15.4,,,,50.2,,,50.2,15.4,10.62
551,89.48,5.31,14.7,,,,47.8,,,47.8,14.7,5.31
552,89.16,0,14.3,,,,44.7,,,44.7,14.3,0
553,88.84,0,13.7,,,,41.5,,,41.5,13.7,0
554,88.67,0,13.3,,,,38.2,,,38.2,13.3,0
555,88.51,0,13.1,,,,35.4,,,35.4,13.1,0
556,88.35,0,13.1,,,,32.6,,,32.6,13.1,0
557,87.87,0,13.3,,,,29.7,,,29.7,13.3,0
558,87.55,0,13.8,,,,26.5,,,26.5,13.8,0
559,87.23,0,14.5,,,,23.4,,,23.4,14.5,0
560,87.07,0,16.5,,,,20.4,,,20.4,16.5,0
561,86.58,0,17,,,,17.5,,,17.5,17,0
562,85.94,0,17,,,,14.4,,,14.4,17,0
563,85.78,0,17,,,,11.6,,,11.6,17,0
564,85.46,0,15.4,,,,8.4,,,8.4,15.4,0
565,86.74,0,10.1,,,,5.6,,,5.6,10.1,0
566,84.65,0,4.8,,,,2.6,,,2.6,4.8,0
567,84.33,0,0,,,,0,,,0,0,0
568,84.01,0,0,,,,0,,,0,0,0
569,83.85,5.31,0,,,,0,,,0,0,5.31
570,83.69,10.62,0,,,,0,,,0,0,10.62
571,83.69,15.93,0,,,,0,,,0,0,15.93
572,83.69,20.92,0,,,,0,,,0,0,20.92
573,83.69,23.5,0,,,,0,,,0,0,23.5
574,83.85,25.75,0,,,,0,,,0,0,25.75
575,83.69,27.36,0,,,,0,,,0,0,27.36
576,83.69,27.36,0,,,,0,,,0,0,27.36
577,83.52,27.36,0,,,,0,,,0,0,27.36
578,83.04,28.16,0,,,,0,,,0,0,28.16
579,82.72,28.49,0,,,,0,,,0,0,28.49
580,82.24,28.49,0,,,,0,,,0,0,28.49
581,81.59,28.16,0,,,,0,,,0,0,28.16
582,80.95,27.36,0,,,,0,,,0,0,27.36
583,80.15,27.2,0,,,,0,,,0,0,27.2
584,79.34,26.72,0,,,,0,,,0,0,26.72
585,78.37,27.36,0,,,,0,,,0,0,27.36
586,77.57,27.52,0,,,,0,,,0,0,27.52
587,77.41,27.36,0,,,,0,,,0,0,27.36
588,77.25,26.72,0,,,,0,,,0,0,26.72
589,77.25,26.55,0,,,,0,,,0,0,26.55
590,77.41,26.55,,,,,,,,0,0,26.55
591,77.89,26.72,,,,,,,,0,0,26.72
592,78.7,27.36,,,,,,,,0,0,27.36
593,78.86,28.32,,,,,,,,0,0,28.32
594,79.02,29.77,,,,,,,,0,0,29.77
595,79.02,30.9,,,,,,,,0,0,30.9
596,78.86,32.51,,,,,,,,0,0,32.51
597,78.86,33.8,,,,,,,,0,0,33.8
598,78.7,33.96,,,,,,,,0,0,33.96
599,78.21,34.12,,,,,,,,0,0,34.12
600,77.73,34.76,,,,,,,,0,0,34.76
601,77.25,35.41,,,,,,,,1.6,1,35.41
602,77.09,36.05,,,,,,,,3.6,2.1,36.05
603,76.93,36.21,,,,,,,,6.3,4.8,36.21
604,76.77,36.21,,,,,,,,9,9.1,36.21
605,77.09,36.21,,,,,,,,11.8,14.2,36.21
606,77.73,36.53,,,,,,,,14.2,19.8,36.53
607,78.86,38.14,,,,,,,,16.6,25.5,38.14
608,79.02,40.39,,,,,,,,18.5,30.5,40.39
609,78.86,41.84,,,,,,,,20.8,34.8,41.84
610,78.7,42.65,,,,,,,,23.4,38.8,42.65
611,77.25,43.45,,,,,,,,26.9,42.9,43.45
612,75.8,42,,,,,,,,30.3,46.4,42
613,74.35,36.69,,,,,,,,32.8,48.3,36.69
614,74.19,31.38,,,,,,,,34.1,48.7,31.38
615,74.19,26.07,,,,,,,,34.2,48.5,26.07
616,74.35,20.76,,,,,,,,33.6,48.4,20.76
617,75.48,15.45,,,,,,,,32.1,48.2,15.45
618,76.93,10.14,,,,,,,,30,47.8,10.14
619,78.86,4.83,,,,,,,,27.5,47,4.83
620,79.98,0,,,,,,,,25.1,45.9,0
621,81.43,0,,,,,,,,22.8,44.9,0
622,82.88,0,,,,,,,,20.5,44.4,0
623,84.01,0,,,,,,,,17.9,44.3,0
624,84.81,0,,,,,,,,15.1,44.5,0
625,85.3,0,,,,,,,,13.4,45.1,0
626,86.26,0,,,,,,,,12.8,45.7,0
627,86.9,0,,,,,,,,13.7,46,0
628,87.07,0,,,,,,,,16,46,0
629,87.55,0,,,,,,,,18.1,46,0
630,88.03,0,,,,,,,,20.8,46.1,0
631,88.67,0,,,,,,,,23.7,46.7,0
632,89.16,0,,,,,,,,26.5,47.7,0
633,89.16,0,,,,,,,,29.3,48.9,0
634,88.51,0,,,,,,,,32,50.3,0
635,87.71,0,,,,,,,,34.5,51.6,0
636,86.26,0,,,,,,,,36.8,52.6,0
637,84.49,0,,,,,,,,38.6,53,0
638,80.79,0,,,,,,,,39.8,53,0
639,77.57,0,,,,,,,,40.6,52.9,0
640,74.83,0,,,,,,,,41.1,52.7,0
641,74.35,0,,,,,,,,41.9,52.6,0
642,74.03,0,,,,,,,,42.8,53.1,0
643,74.03,0,,,,,,,,44.3,54.3,0
644,74.51,0,,,,,,,,45.7,55.2,0
645,75.32,0,,,,,,,,47.4,55.5,0
646,76.44,3.22,,,,,,,,48.9,55.9,3.22
647,77.57,7.24,,,,,,,,50.6,56.3,7.24
648,78.54,12.55,,,,,,,,52,56.7,12.55
649,79.66,16.42,,,,,,,,53.7,56.9,16.42
650,80.79,20.12,,,,,,,,55,56.8,20.12
651,81.59,22.53,,,,,,,,56.8,56,22.53
652,82.24,24.62,,,,,,,,58,54.2,24.62
653,83.2,28.16,,,,,,,,59.8,52.1,28.16
654,84.01,31.54,,,,,,,,61.1,50.1,31.54
655,84.49,33.8,,,,,,,,62.4,47.2,33.8
656,83.85,35.73,,,,,,,,63,43.2,35.73
657,83.04,37.5,,,,,,,,63.5,39.2,37.5
658,82.24,39.43,,,,,,,,63,36.5,39.43
659,82.08,40.72,,,,,,,,62,34.3,40.72
660,82.08,41.2,,,,,,,,60.4,31,41.2
661,82.24,41.84,,,,,,,,58.6,26,41.84
662,82.72,42,,,,,,,,56.7,20.7,42
663,83.2,42.16,,,,,,,,55,15.4,42.16
664,83.69,42.16,,,,,,,,53.7,13.1,42.16
665,84.01,42.49,,,,,,,,52.7,12,42.49
666,84.49,42.65,,,,,,,,51.9,12.5,42.65
667,84.97,42.65,,,,,,,,51.4,14,42.65
668,84.81,41.84,,,,,,,,51,19,41.84
669,84.65,41.04,,,,,,,,50.7,23.2,41.04
670,84.17,37.98,,,,,,,,50.6,28,37.98
671,84.17,34.44,,,,,,,,50.8,32,34.44
672,84.33,29.77,,,,,,,,51.2,34,29.77
673,84.49,26.39,,,,,,,,51.7,36,26.39
674,84.81,23.34,,,,,,,,52.3,38,23.34
675,84.81,18.67,,,,,,,,53.1,40,18.67
676,84.33,14,,,,,,,,53.8,40.3,14
677,83.85,9.33,,,,,,,,54.5,40.5,9.33
678,83.2,5.63,,,,,,,,55.1,39,5.63
679,82.24,3.22,,,,,,,,55.9,35.7,3.22
680,81.27,0,,,,,,,,56.5,31.8,0
681,80.63,0,,,,,,,,57.1,27.1,0
682,80.15,0,,,,,,,,57.8,22.8,0
683,79.98,0,,,,,,,,58.5,21.1,0
684,79.82,0,,,,,,,,59.3,18.9,0
685,79.66,0,,,,,,,,60.2,18.9,0
686,79.66,0,,,,,,,,61.3,21.3,0
687,79.98,0,,,,,,,,62.4,23.9,0
688,80.47,0,,,,,,,,63.4,25.9,0
689,80.79,0,,,,,,,,64.4,28.4,0
690,81.43,0,,,,,,,,65.4,30.3,0
691,82.24,0,,,,,,,,66.3,30.9,0
692,83.04,0,,,,,,,,67.2,31.1,0
693,83.52,0,,,,,,,,68,31.8,0
694,83.69,2.25,,,,,,,,68.8,32.7,2.25
695,83.85,5.31,,,,,,,,69.5,33.2,5.31
696,84.33,7.08,,,,,,,,70.1,32.4,7.08
697,85.13,10.46,,,,,,,,70.6,28.3,10.46
698,85.78,14.81,,,,,,,,71,25.8,14.81
699,86.42,18.19,,,,,,,,71.6,23.1,18.19
700,87.23,21.73,,,,,,,,72.2,21.8,21.73
701,87.71,23.5,,,,,,,,72.8,21.2,23.5
702,88.19,26.39,,,,,,,,73.5,21,26.39
703,88.51,26.88,,,,,,,,74.1,21,26.88
704,89.32,26.55,,,,,,,,74.3,20.9,26.55
705,89.96,26.55,,,,,,,,74.3,19.9,26.55
706,90.28,29.29,,,,,,,,73.7,17.9,29.29
707,90.61,30.9,,,,,,,,72.6,15.1,30.9
708,90.77,32.35,,,,,,,,71,12.8,32.35
709,90.93,34.6,,,,,,,,69.2,12,34.6
710,91.25,36.21,,,,,,,,67.1,13.2,36.21
711,91.57,36.21,,,,,,,,65.3,17.1,36.21
712,91.73,35.57,,,,,,,,63.8,21.1,35.57
713,92.22,36.53,,,,,,,,62.6,21.8,36.53
714,92.86,37.5,,,,,,,,61.7,21.2,37.5
715,93.66,37.82,,,,,,,,61.2,18.5,37.82
716,94.63,36.21,,,,,,,,60.8,13.9,36.21
717,95.11,34.76,,,,,,,,60.7,12,34.76
718,95.27,32.99,,,,,,,,60.9,12,32.99
719,95.11,28.97,,,,,,,,61.2,13,28.97
720,94.63,24.14,,,,,,,,61.7,16,24.14
721,94.15,19.31,,,,,,,,62.1,18.5,19.31
722,93.5,14.48,,,,,,,,62.2,20.6,14.48
723,92.86,9.98,,,,,,,,62.2,22.5,9.98
724,92.22,7.24,,,,,,,,61.6,24,7.24
725,91.89,4.83,,,,,,,,60.2,26.6,4.83
726,91.41,3.38,,,,,,,,58.5,29.9,3.38
727,90.93,0.8,,,,,,,,56.5,34.8,0.8
728,90.44,0.8,,,,,,,,54.6,37.8,0.8
729,89.32,5.15,,,,,,,,53.2,40.2,5.15
730,87.87,10.46,,,,,,,,52.6,41.6,10.46
731,87.07,15.45,,,,,,,,52.8,41.9,15.45
732,86.42,20.12,,,,,,,,53.5,42,20.12
733,85.62,22.53,,,,,,,,54.4,42.2,22.53
734,85.13,25.75,,,,,,,,55.1,42.4,25.75
735,84.49,28.97,,,,,,,,55.6,42.7,28.97
736,83.69,31.54,,,,,,,,55.5,43.1,31.54
737,82.56,34.6,,,,,,,,54.9,43.7,34.6
738,81.27,37.18,,,,,,,,54.1,44,37.18
739,79.66,39.43,,,,,,,,53.2,44.1,39.43
740,78.05,41.04,,,,,,,,52.1,45.3,41.04
741,76.6,42.65,,,,,,,,50.8,46.4,42.65
742,75.32,43.61,,,,,,,,49.4,47.2,43.61
743,73.39,44.42,,,,,,,,47.7,47.3,44.42
744,71.13,44.9,,,,,,,,45.6,47.4,44.9
745,68.4,45.54,,,,,,,,43.5,47.4,45.54
746,63.09,46.03,,,,,,,,41.4,47.5,46.03
747,57.78,46.03,,,,,,,,38.9,47.9,46.03
748,52.46,45.54,,,,,,,,36,48.6,45.54
749,47.15,45.38,,,,,,,,32.7,49.4,45.38
750,43.13,45.06,,,,,,,,29.4,49.8,45.06
751,39.43,44.26,,,,,,,,26.2,49.8,44.26
752,34.6,43.13,,,,,,,,23.5,49.7,43.13
753,31.38,41.04,,,,,,,,21.7,49.3,41.04
754,28,37.82,,,,,,,,20.7,48.5,37.82
755,24.3,34.6,,,,,,,,20.2,47.6,34.6
756,19.96,30.58,,,,,,,,19.9,46.3,30.58
757,15.61,26.55,,,,,,,,19.5,43.7,26.55
758,11.27,23.98,,,,,,,,18.5,39.3,23.98
759,8.05,20.12,,,,,,,,17.2,34.1,20.12
760,5.31,15.13,,,,,,,,15.8,29,15.13
761,3.22,9.98,,,,,,,,14.8,23.7,9.98
762,1.13,4.83,,,,,,,,14.4,18.4,4.83
763,0,2.41,,,,,,,,14.9,14.3,2.41
764,0,2.41,,,,,,,,15.9,12,2.41
765,0,0.8,,,,,,,,17.1,12.8,0.8
766,,0,,,,,,,,18.3,16,0
767,,4.83,,,,,,,,19.4,19.1,4.83
768,,10.14,,,,,,,,20.4,22.4,10.14
769,,15.45,,,,,,,,21.2,25.6,15.45
770,,20.76,,,,,,,,21.7,30.1,20.76
771,,25.43,,,,,,,,21.7,35.3,25.43
772,,28.16,,,,,,,,21.3,39.9,28.16
773,,29.61,,,,,,,,20.3,44.5,29.61
774,,31.38,,,,,,,,19.1,47.5,31.38
775,,33.31,,,,,,,,17.9,50.9,33.31
776,,35.41,,,,,,,,16.9,54.1,35.41
777,,37.34,,,,,,,,16.1,56.3,37.34
778,,40.23,,,,,,,,15.6,58.1,40.23
779,,42.65,,,,,,,,15.3,59.8,42.65
780,,44.26,,,,,,,,15.2,61.1,44.26
781,,45.06,,,,,,,,15.1,62.1,45.06
782,,45.54,,,,,,,,15,62.8,45.54
783,,46.51,,,,,,,,15,63.3,46.51
784,,46.51,,,,,,,,15,63.6,46.51
785,,46.51,,,,,,,,15,64,46.51
786,,46.35,,,,,,,,15,64.7,46.35
787,,45.87,,,,,,,,14.8,65.2,45.87
788,,45.54,,,,,,,,14.5,65.3,45.54
789,,45.54,,,,,,,,14.1,65.3,45.54
790,,45.54,,,,,,,,13.5,65.4,45.54
791,,45.38,,,,,,,,13,65.7,45.38
792,,44.42,,,,,,,,12.7,66,44.42
793,,44.26,,,,,,,,12.5,65.6,44.26
794,,44.26,,,,,,,,12.5,63.5,44.26
795,,44.26,,,,,,,,12.6,59.7,44.26
796,,44.26,,,,,,,,13,54.6,44.26
797,,44.26,,,,,,,,13.6,49.3,44.26
798,,44.26,,,,,,,,14.6,44.9,44.26
799,,44.42,,,,,,,,15.7,42.3,44.42
800,,45.06,,,,,,,,17.1,41.4,45.06
801,,45.87,,,,,,,,18.7,41.3,45.87
802,,48.28,,,,,,,,20.2,42.1,48.28
803,,49.89,,,,,,,,21.9,44.7,49.89
804,,51.5,,,,,,,,23.6,48.4,51.5
805,,53.11,,,,,,,,25.4,51.4,53.11
806,,53.11,,,,,,,,27.1,52.7,53.11
807,,54.07,,,,,,,,28.9,53,54.07
808,,54.72,,,,,,,,30.4,52.5,54.72
809,,55.2,,,,,,,,32,51.3,55.2
810,,55.04,,,,,,,,33.4,49.7,55.04
811,,54.72,,,,,,,,35,47.4,54.72
812,,54.72,,,,,,,,36.4,43.7,54.72
813,,54.56,,,,,,,,38.1,39.7,54.56
814,,54.07,,,,,,,,39.7,35.5,54.07
815,,53.27,,,,,,,,41.6,31.1,53.27
816,,53.11,,,,,,,,43.3,26.3,53.11
817,,52.3,,,,,,,,45.1,21.9,52.3
818,,51.5,,,,,,,,46.9,18,51.5
819,,51.34,,,,,,,,48.7,17,51.34
820,,50.86,,,,,,,,50.5,18,50.86
821,,50.69,,,,,,,,52.4,21.4,50.69
822,,49.25,,,,,,,,54.1,24.8,49.25
823,,48.28,,,,,,,,55.7,27.9,48.28
824,,48.12,,,,,,,,57,30.8,48.12
825,,48.12,,,,,,,,58.2,33,48.12
826,,48.12,,,,,,,,59.3,35.1,48.12
827,,48.12,,,,,,,,60.1,37.1,48.12
828,,47.64,,,,,,,,60.9,38.9,47.64
829,,47.48,,,,,,,,61.6,41.4,47.48
830,,47.48,,,,,,,,62.2,44,47.48
831,,47.15,,,,,,,,62.7,46.3,47.15
832,,46.51,,,,,,,,63.2,47.7,46.51
833,,45.38,,,,,,,,63.4,48.2,45.38
834,,44.58,,,,,,,,63.5,48.7,44.58
835,,43.45,,,,,,,,63.5,49.3,43.45
836,,41.04,,,,,,,,63.7,49.8,41.04
837,,38.14,,,,,,,,64,50.2,38.14
838,,35.41,,,,,,,,64.6,50.9,35.41
839,,32.99,,,,,,,,65.3,51.8,32.99
840,,30.9,,,,,,,,66.2,52.5,30.9
841,,30.9,,,,,,,,66.9,53.3,30.9
842,,32.35,,,,,,,,67.8,54.5,32.35
843,,33.64,,,,,,,,68.6,55.7,33.64
844,,34.44,,,,,,,,69.4,56.5,34.44
845,,35.41,,,,,,,,70.1,56.8,35.41
846,,36.37,,,,,,,,70.9,57,36.37
847,,37.34,,,,,,,,71.7,57.2,37.34
848,,38.62,,,,,,,,72.5,57.7,38.62
849,,40.23,,,,,,,,73.2,58.7,40.23
850,,41.84,,,,,,,,73.8,60.1,41.84
851,,42.81,,,,,,,,74.4,61.1,42.81
852,,42.81,,,,,,,,74.7,61.7,42.81
853,,43.13,,,,,,,,74.7,62.3,43.13
854,,43.45,,,,,,,,74.6,62.9,43.45
855,,43.77,,,,,,,,74.2,63.3,43.77
856,,44.74,,,,,,,,73.5,63.4,44.74
857,,45.22,,,,,,,,72.6,63.5,45.22
858,,46.35,,,,,,,,71.8,64.5,46.35
859,,46.51,,,,,,,,71,65.8,46.51
860,,46.67,,,,,,,,70.1,66.8,46.67
861,,46.83,,,,,,,,69.4,67.4,46.83
862,,46.67,,,,,,,,68.9,68.8,46.67
863,,45.22,,,,,,,,68.4,71.1,45.22
864,,44.26,,,,,,,,67.9,72.3,44.26
865,,43.45,,,,,,,,67.1,72.8,43.45
866,,41.52,,,,,,,,65.8,73.4,41.52
867,,40.23,,,,,,,,63.9,74.6,40.23
868,,39.43,,,,,,,,61.4,76,39.43
869,,39.91,,,,,,,,58.4,76.6,39.91
870,,40.39,,,,,,,,55.4,76.5,40.39
871,,41.04,,,,,,,,52.4,76.2,41.04
872,,41.36,,,,,,,,50,75.8,41.36
873,,42.16,,,,,,,,48.3,75.4,42.16
874,,43.29,,,,,,,,47.3,74.8,43.29
875,,44.26,,,,,,,,46.8,73.9,44.26
876,,44.74,,,,,,,,46.9,72.7,44.74
877,,45.71,,,,,,,,47.1,71.3,45.71
878,,46.67,,,,,,,,47.5,70.4,46.67
879,,46.99,,,,,,,,47.8,70,46.99
880,,46.83,,,,,,,,48.3,70,46.83
881,,46.67,,,,,,,,48.8,69,46.67
882,,46.51,,,,,,,,49.5,68,46.51
883,,45.87,,,,,,,,50.2,68,45.87
884,,45.22,,,,,,,,50.8,68,45.22
885,,45.06,,,,,,,,51.4,68.1,45.06
886,,45.06,,,,,,,,51.8,68.4,45.06
887,,44.42,,,,,,,,51.9,68.6,44.42
888,,43.77,,,,,,,,51.7,68.7,43.77
889,,42.81,,,,,,,,51.2,68.5,42.81
890,,43.45,,,,,,,,50.4,68.1,43.45
891,,44.26,,,,,,,,49.2,67.3,44.26
892,,44.74,,,,,,,,47.7,66.2,44.74
893,,45.06,,,,,,,,46.3,64.8,45.06
894,,44.74,,,,,,,,45.1,63.6,44.74
895,,45.06,,,,,,,,44.2,62.6,45.06
896,,45.06,,,,,,,,43.7,62.1,45.06
897,,45.06,,,,,,,,43.4,61.9,45.06
898,,44.58,,,,,,,,43.1,61.9,44.58
899,,44.1,,,,,,,,42.5,61.8,44.1
900,,43.29,,,,,,,,41.8,61.5,43.29
901,,42.81,,,,,,,,41.1,60.9,42.81
902,,42.65,,,,,,,,40.3,59.7,42.65
903,,42.65,,,,,,,,39.7,54.6,42.65
904,,42.65,,,,,,,,39.3,49.3,42.65
905,,42.33,,,,,,,,39.2,44.9,42.33
906,,42.16,,,,,,,,39.3,42.3,42.16
907,,42.16,,,,,,,,39.6,41.4,42.16
908,,41.68,,,,,,,,40,41.3,41.68
909,,41.2,,,,,,,,40.7,42.1,41.2
910,,41.2,,,,,,,,41.4,44.7,41.2
911,,41.68,,,,,,,,42.2,48.4,41.68
912,,41.52,,,,,,,,43.1,51.4,41.52
913,,41.04,,,,,,,,44.1,52.7,41.04
914,,39.59,,,,,,,,44.8,54,39.59
915,,37.82,,,,,,,,45.5,57,37.82
916,,35.73,,,,,,,,45.8,58.1,35.73
917,,34.76,,,,,,,,46.2,59.2,34.76
918,,34.76,,,,,,,,46.4,59,34.76
919,,34.92,,,,,,,,46.5,59.1,34.92
920,,36.37,,,,,,,,46.5,59.5,36.37
921,,37.66,,,,,,,,46.6,60.5,37.66
922,,38.62,,,,,,,,46.5,62.3,38.62
923,,38.95,,,,,,,,46.5,63.9,38.95
924,,39.27,,,,,,,,46.4,65.1,39.27
925,,40.07,,,,,,,,46.4,64.1,40.07
926,,40.39,,,,,,,,46.4,62.7,40.39
927,,40.56,,,,,,,,46.5,62,40.56
928,,40.72,,,,,,,,46.4,61.3,40.72
929,,41.04,,,,,,,,46.6,60.9,41.04
930,,40.56,,,,,,,,46.6,60.5,40.56
931,,40.23,,,,,,,,46.8,60.2,40.23
932,,40.23,,,,,,,,46.7,59.8,40.23
933,,40.23,,,,,,,,46.9,59.4,40.23
934,,39.75,,,,,,,,46.9,58.6,39.75
935,,39.43,,,,,,,,46.9,57.5,39.43
936,,39.11,,,,,,,,46.8,56.6,39.11
937,,39.11,,,,,,,,47,56,39.11
938,,39.43,,,,,,,,46.9,55.5,39.43
939,,40.23,,,,,,,,46.9,55,40.23
940,,40.23,,,,,,,,46.9,54.4,40.23
941,,39.59,,,,,,,,46.8,54.1,39.59
942,,39.59,,,,,,,,46.2,54,39.59
943,,38.79,,,,,,,,45.6,53.9,38.79
944,,39.43,,,,,,,,44.9,53.9,39.43
945,,40.39,,,,,,,,44.3,54,40.39
946,,41.2,,,,,,,,43.8,54.2,41.2
947,,40.39,,,,,,,,43.6,55,40.39
948,,38.62,,,,,,,,43.5,55.8,38.62
949,,35.41,,,,,,,,43.6,56.2,35.41
950,,32.35,,,,,,,,43.6,56.1,32.35
951,,27.2,,,,,,,,43.5,55.1,27.2
952,,21.89,,,,,,,,43.5,52.7,21.89
953,,16.58,,,,,,,,43.5,48.4,16.58
954,,11.27,,,,,,,,43.4,43.1,11.27
955,,5.95,,,,,,,,43.2,37.8,5.95
956,,0.64,,,,,,,,43,32.5,0.64
957,,0,,,,,,,,42.7,27.2,0
958,,0,,,,,,,,42.4,25.1,0
959,,0,,,,,,,,42.3,26,0
960,,3.22,,,,,,,,42.2,29.3,3.22
961,,8.53,,,,,,,,42.1,34.6,8.53
962,,13.84,,,,,,,,42.1,40.4,13.84
963,,19.15,,,,,,,,41.9,45.3,19.15
964,,24.46,,,,,,,,41.7,49,24.46
965,,28.16,,,,,,,,41.5,51.1,28.16
966,,29.93,,,,,,,,41.3,52.1,29.93
967,,32.19,,,,,,,,41.2,52.2,32.19
968,,33.96,,,,,,,,41,52.1,33.96
969,,35.41,,,,,,,,40.9,51.7,35.41
970,,37.01,,,,,,,,40.6,50.9,37.01
971,,39.43,,,,,,,,39.7,49.2,39.43
972,,42.33,,,,,,,,37.5,45.9,42.33
973,,44.26,,,,,,,,35.5,40.6,44.26
974,,45.22,,,,,,,,33.3,35.3,45.22
975,,45.71,,,,,,,,31.4,30,45.71
976,,45.87,,,,,,,,28.4,24.7,45.87
977,,45.87,,,,,,,,25.3,19.3,45.87
978,,45.87,,,,,,,,22.4,16,45.87
979,,44.58,,,,,,,,19.1,13.2,44.58
980,,44.26,,,,,,,,15.5,10.7,44.26
981,,43.77,,,,,,,,12,8.8,43.77
982,,43.13,,,,,,,,8.8,7.2,43.13
983,,42.65,,,,,,,,6,5.5,42.65
984,,41.84,,,,,,,,3.6,3.2,41.84
985,,41.36,,,,,,,,1.6,1.1,41.36
986,,40.56,,,,,,,,0,0,40.56
987,,38.62,,,,,,,,0,0,38.62
988,,35.41,,,,,,,,0,0,35.41
989,,34.6,,,,,,,,0,0,34.6
990,,34.6,,,,,,,,0,0,34.6
991,,35.08,,,,,,,,0,0,35.08
992,,36.21,,,,,,,,0,0,36.21
993,,37.01,,,,,,,,0,0,37.01
994,,36.69,,,,,,,,0,0,36.69
995,,36.69,,,,,,,,0,0,36.69
996,,37.01,,,,,,,,0,0,37.01
997,,36.53,,,,,,,,0,0,36.53
998,,36.53,,,,,,,,0,0,36.53
999,,36.53,,,,,,,,0,0,36.53
1000,,37.82,,,,,,,,0,0,37.82
1001,,38.62,,,,,,,,0,0,38.62
1002,,39.59,,,,,,,,0,0,39.59
1003,,39.91,,,,,,,,0,0,39.91
1004,,40.39,,,,,,,,0,0,40.39
1005,,41.04,,,,,,,,0,0,41.04
1006,,41.2,,,,,,,,0,0,41.2
1007,,41.04,,,,,,,,0,0,41.04
1008,,40.23,,,,,,,,0,0,40.23
1009,,38.79,,,,,,,,0,0,38.79
1010,,38.14,,,,,,,,0,0,38.14
1011,,37.34,,,,,,,,0,0,37.34
1012,,36.85,,,,,,,,0,0,36.85
1013,,36.21,,,,,,,,0,0,36.21
1014,,35.41,,,,,,,,0,0,35.41
1015,,34.76,,,,,,,,0,0,34.76
1016,,32.99,,,,,,,,0,0,32.99
1017,,28.16,,,,,,,,0,0,28.16
1018,,22.85,,,,,,,,0,0,22.85
1019,,17.54,,,,,,,,0,0,17.54
1020,,12.23,,,,,,,,0,0,12.23
1021,,6.92,,,,,,,,0,0,6.92
1022,,1.61,,,,,,,,0,0,1.61
1023,,0,,,,,,,,0,0,0
1024,,0,,,,,,,,0,0,0
1025,,0,,,,,,,,0,0,0
1026,,0,,,,,,,,0,0,0
1027,,0,,,,,,,,1.1,0.8,0
1028,,0,,,,,,,,3,3.6,0
1029,,0,,,,,,,,5.7,8.6,0
1030,,0,,,,,,,,8.4,14.6,0
1031,,0,,,,,,,,11.1,20,0
1032,,0,,,,,,,,14,24.4,0
1033,,0,,,,,,,,17,28.2,0
1034,,0,,,,,,,,20.1,31.7,0
1035,,0,,,,,,,,22.7,35,0
1036,,0,,,,,,,,23.6,37.6,0
1037,,0,,,,,,,,24.5,39.7,0
1038,,0,,,,,,,,24.8,41.5,0
1039,,0,,,,,,,,24.7,43.6,0
1040,,0,,,,,,,,24.6,46,0
1041,,0,,,,,,,,24.8,48.4,0
1042,,0,,,,,,,,25,50.5,0
1043,,0,,,,,,,,25.3,51.9,0
1044,,0,,,,,,,,25.6,52.6,0
1045,,0,,,,,,,,26,52.8,0
1046,,0,,,,,,,,26.1,52.9,0
1047,,0,,,,,,,,26.3,53.1,0
1048,,0,,,,,,,,26.6,53.3,0
1049,,0,,,,,,,,26.9,53.1,0
1050,,0,,,,,,,,27.3,52.3,0
1051,,0,,,,,,,,27.7,50.7,0
1052,,0,,,,,,,,28.1,48.8,0
1053,,1.93,,,,,,,,28.5,46.5,1.93
1054,,6.44,,,,,,,,29.3,43.8,6.44
1055,,11.75,,,,,,,,30.4,40.3,11.75
1056,,17.06,,,,,,,,31.8,36,17.06
1057,,22.37,,,,,,,,33.7,30.7,22.37
1058,,27.36,,,,,,,,35.8,25.4,27.36
1059,,29.77,,,,,,,,37.8,21,29.77
1060,,32.19,,,,,,,,39.5,16.7,32.19
1061,,35.08,,,,,,,,40.8,13.4,35.08
1062,,37.01,,,,,,,,41.8,12,37.01
1063,,38.62,,,,,,,,42.4,12.1,38.62
1064,,39.91,,,,,,,,43,12.8,39.91
1065,,41.2,,,,,,,,43.4,15.6,41.2
1066,,42.65,,,,,,,,44,19.9,42.65
1067,,43.13,,,,,,,,44.5,23.4,43.13
1068,,44.1,,,,,,,,45,24.6,44.1
1069,,44.9,,,,,,,,45.5,25.2,44.9
1070,,45.54,,,,,,,,46.1,26.4,45.54
1071,,45.06,,,,,,,,46.5,28.8,45.06
1072,,44.26,,,,,,,,46.9,31.8,44.26
1073,,43.45,,,,,,,,47.4,35.3,43.45
1074,,43.45,,,,,,,,48,39.5,43.45
1075,,42.33,,,,,,,,48.5,44.5,42.33
1076,,39.43,,,,,,,,49.1,49.3,39.43
1077,,36.21,,,,,,,,49.7,53.3,36.21
1078,,34.6,,,,,,,,50.2,56.4,34.6
1079,,33.15,,,,,,,,50.5,58.9,33.15
1080,,28.97,,,,,,,,50.8,61.2,28.97
1081,,24.14,,,,,,,,51.1,62.6,24.14
1082,,19.79,,,,,,,,51.3,63,19.79
1083,,17.86,,,,,,,,51.3,62.5,17.86
1084,,17.06,,,,,,,,51.3,60.9,17.06
1085,,16.09,,,,,,,,51.3,59.3,16.09
1086,,15.29,,,,,,,,51.2,58.6,15.29
1087,,14.64,,,,,,,,51.1,58.6,14.64
1088,,14,,,,,,,,51.2,58.7,14
1089,,13.84,,,,,,,,51.4,58.8,13.84
1090,,14.16,,,,,,,,51.6,58.8,14.16
1091,,14.48,,,,,,,,51.9,58.8,14.48
1092,,14,,,,,,,,52.1,59.1,14
1093,,13.84,,,,,,,,52.3,60.1,13.84
1094,,12.87,,,,,,,,52.4,61.7,12.87
1095,,11.27,,,,,,,,52.4,63,11.27
1096,,8.05,,,,,,,,52.2,63.7,8.05
1097,,6.76,,,,,,,,51.9,63.9,6.76
1098,,4.18,,,,,,,,51.6,63.5,4.18
1099,,1.61,,,,,,,,51.3,62.3,1.61
1100,,0,,,,,,,,51,60.3,0
1101,,0.16,,,,,,,,50.9,58.9,0.16
1102,,0.97,,,,,,,,51,58.4,0.97
1103,,2.57,,,,,,,,51.5,58.8,2.57
1104,,5.79,,,,,,,,52.3,60.2,5.79
1105,,11.1,,,,,,,,53.5,62.3,11.1
1106,,16.09,,,,,,,,55,63.9,16.09
1107,,20.6,,,,,,,,56.8,64.5,20.6
1108,,22.53,,,,,,,,58.8,64.4,22.53
1109,,23.34,,,,,,,,60.9,63.5,23.34
1110,,25.75,,,,,,,,63,62,25.75
1111,,29.13,,,,,,,,65,61.2,29.13
1112,,32.19,,,,,,,,66.9,61.3,32.19
1113,,33.8,,,,,,,,68.6,62.6,33.8
1114,,34.12,,,,,,,,70.1,65.3,34.12
1115,,34.28,,,,,,,,71.5,68,34.28
1116,,34.44,,,,,,,,72.8,69.4,34.44
1117,,34.92,,,,,,,,73.9,69.7,34.92
1118,,36.21,,,,,,,,74.9,69.3,36.21
1119,,37.01,,,,,,,,75.8,68.1,37.01
1120,,38.3,,,,,,,,76.6,66.9,38.3
1121,,39.43,,,,,,,,77.2,66.2,39.43
1122,,40.23,,,,,,,,77.7,65.7,40.23
1123,,40.07,,,,,,,,78.1,64.9,40.07
1124,,39.91,,,,,,,,78.3,63.2,39.91
1125,,40.23,,,,,,,,78.5,60.3,40.23
1126,,40.88,,,,,,,,78.5,55.8,40.88
1127,,41.52,,,,,,,,78.5,50.5,41.52
1128,,41.84,,,,,,,,78.6,45.2,41.84
1129,,42.49,,,,,,,,78.6,40.1,42.49
1130,,42.81,,,,,,,,78.8,36.2,42.81
1131,,43.29,,,,,,,,79,32.9,43.29
1132,,43.45,,,,,,,,79.4,29.8,43.45
1133,,43.45,,,,,,,,79.7,26.6,43.45
1134,,43.45,,,,,,,,80.2,23,43.45
1135,,43.29,,,,,,,,80.5,19.4,43.29
1136,,43.13,,,,,,,,80.9,16.3,43.13
1137,,43.13,,,,,,,,81.1,14.6,43.13
1138,,42.65,,,,,,,,81.2,14.2,42.65
1139,,42.49,,,,,,,,81.3,14.3,42.49
1140,,41.84,,,,,,,,81.2,14.6,41.84
1141,,41.04,,,,,,,,81,15.1,41.04
1142,,39.59,,,,,,,,80.6,16.4,39.59
1143,,37.82,,,,,,,,80,19.1,37.82
1144,,34.6,,,,,,,,79.1,22.5,34.6
1145,,32.19,,,,,,,,78,24.4,32.19
1146,,28.16,,,,,,,,76.8,24.8,28.16
1147,,25.75,,,,,,,,75.5,22.7,25.75
1148,,22.53,,,,,,,,74.1,17.4,22.53
1149,,17.22,,,,,,,,72.9,13.8,17.22
1150,,11.91,,,,,,,,71.9,12,11.91
1151,,6.6,,,,,,,,71.2,12,6.6
1152,,1.29,,,,,,,,70.9,12,1.29
1153,,0,,,,,,,,71,13.9,0
1154,,0,,,,,,,,71.5,18.8,0
1155,,0,,,,,,,,72.3,25.1,0
1156,,0,,,,,,,,73.2,29.8,0
1157,,0,,,,,,,,74.1,33.8,0
1158,,0,,,,,,,,74.9,38.2,0
1159,,0,,,,,,,,75.4,43.4,0
1160,,0,,,,,,,,75.5,48.9,0
1161,,0,,,,,,,,75.2,53.8,0
1162,,0,,,,,,,,74.5,57.8,0
1163,,0,,,,,,,,73.3,61.5,0
1164,,0,,,,,,,,71.7,65,0
1165,,0,,,,,,,,69.9,68.4,0
1166,,0,,,,,,,,67.9,71.6,0
1167,,0,,,,,,,,65.7,73,0
1168,,0,,,,,,,,63.5,74.3,0
1169,,3.38,,,,,,,,61.2,76.2,3.38
1170,,8.69,,,,,,,,59,77.9,8.69
1171,,14,,,,,,,,56.8,79.5,14
1172,,19.31,,,,,,,,54.7,81,19.31
1173,,24.62,,,,,,,,52.7,82.3,24.62
1174,,29.93,,,,,,,,50.9,83.5,29.93
1175,,33.96,,,,,,,,49.4,84.6,33.96
1176,,37.01,,,,,,,,48.1,85.5,37.01
1177,,37.82,,,,,,,,47.1,86.3,37.82
1178,,37.01,,,,,,,,46.5,87.1,37.01
1179,,36.21,,,,,,,,46.3,88.1,36.21
1180,,32.19,,,,,,,,46.5,89.1,32.19
1181,,26.88,,,,,,,,47.2,90.1,26.88
1182,,21.57,,,,,,,,48.3,91,21.57
1183,,16.25,,,,,,,,49.7,91.7,16.25
1184,,10.94,,,,,,,,51.3,92.3,10.94
1185,,5.63,,,,,,,,53,92.8,5.63
1186,,0.32,,,,,,,,54.9,93.1,0.32
1187,,0,,,,,,,,56.7,93.1,0
1188,,0,,,,,,,,58.6,93.1,0
1189,,0,,,,,,,,60.2,93.1,0
1190,,0,,,,,,,,61.6,93.1,0
1191,,0,,,,,,,,62.6,93.1,0
1192,,0,,,,,,,,63.1,93.1,0
1193,,0,,,,,,,,63.1,93.1,0
1194,,0,,,,,,,,62.8,93.1,0
1195,,0,,,,,,,,62.2,93.1,0
1196,,0,,,,,,,,61.4,93.2,0
1197,,0.32,,,,,,,,60.7,93.2,0.32
1198,,2.41,,,,,,,,60.1,93.3,2.41
1199,,5.63,,,,,,,,59.8,93.7,5.63
1200,,10.46,,,,,,,,59.9,94.2,10.46
1201,,15.77,,,,,,,,60.4,95,15.77
1202,,19.31,,,,,,,,61.4,95.8,19.31
1203,,20.76,,,,,,,,62.7,96.4,20.76
1204,,20.92,,,,,,,,64.3,96.8,20.92
1205,,20.28,,,,,,,,66.1,97,20.28
1206,,20.6,,,,,,,,67.9,97.1,20.6
1207,,21.08,,,,,,,,69.7,97.2,21.08
1208,,21.08,,,,,,,,71.4,97.3,21.08
1209,,22.53,,,,,,,,73.1,97.4,22.53
1210,,24.94,,,,,,,,74.7,97.4,24.94
1211,,27.36,,,,,,,,76.2,97.4,27.36
1212,,29.93,,,,,,,,77.5,97.4,29.93
1213,,31.7,,,,,,,,78.6,97.3,31.7
1214,,33.8,,,,,,,,79.7,97.3,33.8
1215,,34.6,,,,,,,,80.6,97.3,34.6
1216,,35.08,,,,,,,,81.5,97.3,35.08
1217,,35.08,,,,,,,,82.2,97.2,35.08
1218,,34.6,,,,,,,,83,97.1,34.6
1219,,34.12,,,,,,,,83.7,97,34.12
1220,,34.6,,,,,,,,84.4,96.9,34.6
1221,,35.08,,,,,,,,84.9,96.7,35.08
1222,,35.41,,,,,,,,85.1,96.4,35.41
1223,,35.24,,,,,,,,85.2,96.1,35.24
1224,,34.92,,,,,,,,84.9,95.7,34.92
1225,,34.6,,,,,,,,84.4,95.5,34.6
1226,,34.6,,,,,,,,83.6,95.3,34.6
1227,,34.44,,,,,,,,82.7,95.2,34.44
1228,,32.35,,,,,,,,81.5,95,32.35
1229,,31.38,,,,,,,,80.1,94.9,31.38
1230,,30.9,,,,,,,,78.7,94.7,30.9
1231,,31.54,,,,,,,,77.4,94.5,31.54
1232,,31.86,,,,,,,,76.2,94.4,31.86
1233,,32.19,,,,,,,,75.4,94.4,32.19
1234,,31.38,,,,,,,,74.8,94.3,31.38
1235,,28.16,,,,,,,,74.3,94.3,28.16
1236,,24.94,,,,,,,,73.8,94.1,24.94
1237,,20.92,,,,,,,,73.2,93.9,20.92
1238,,16.09,,,,,,,,72.4,93.4,16.09
1239,,12.87,,,,,,,,71.6,92.8,12.87
1240,,9.66,,,,,,,,70.8,92,9.66
1241,,6.44,,,,,,,,70.1,91.3,6.44
1242,,4.02,,,,,,,,69.6,90.6,4.02
1243,,1.13,,,,,,,,69.3,90,1.13
1244,,0,,,,,,,,69.1,89.3,0
1245,,0,,,,,,,,69,88.7,0
1246,,0,,,,,,,,68.8,88.1,0
1247,,0,,,,,,,,68.6,87.4,0
1248,,0,,,,,,,,68.4,86.7,0
1249,,0,,,,,,,,68.1,86,0
1250,,0,,,,,,,,67.8,85.3,0
1251,,0,,,,,,,,67.5,84.7,0
1252,,1.61,,,,,,,,67.1,84.1,1.61
1253,,1.61,,,,,,,,66.7,83.5,1.61
1254,,1.61,,,,,,,,66.3,82.9,1.61
1255,,1.61,,,,,,,,65.8,82.3,1.61
1256,,1.61,,,,,,,,65.5,81.7,1.61
1257,,2.57,,,,,,,,65.1,81.1,2.57
1258,,4.83,,,,,,,,64.9,80.5,4.83
1259,,6.44,,,,,,,,64.6,79.9,6.44
1260,,8.05,,,,,,,,64.4,79.4,8.05
1261,,10.14,,,,,,,,64.1,79,10.14
1262,,12.87,,,,,,,,63.8,78.7,12.87
1263,,16.09,,,,,,,,63.5,78.7,16.09
1264,,16.9,,,,,,,,63.2,78.8,16.9
1265,,15.29,,,,,,,,62.8,79.1,15.29
1266,,13.68,,,,,,,,62.4,79.4,13.68
1267,,12.23,,,,,,,,62,79.6,12.23
1268,,14.16,,,,,,,,61.4,79.8,14.16
1269,,17.7,,,,,,,,60.8,79.8,17.7
1270,,22.53,,,,,,,,59.8,79.6,22.53
1271,,27.36,,,,,,,,58.6,79.3,27.36
1272,,31.38,,,,,,,,56.9,78.9,31.38
1273,,33.8,,,,,,,,54.8,78.5,33.8
1274,,35.08,,,,,,,,52.4,78.2,35.08
1275,,35.73,,,,,,,,49.9,77.9,35.73
1276,,37.01,,,,,,,,47.3,77.7,37.01
1277,,37.98,,,,,,,,44.8,77.7,37.98
1278,,38.79,,,,,,,,42.6,77.8,38.79
1279,,39.43,,,,,,,,40.7,77.9,39.43
1280,,39.43,,,,,,,,39.3,78.1,39.43
1281,,38.62,,,,,,,,38.4,78.3,38.62
1282,,37.82,,,,,,,,38.1,78.3,37.82
1283,,37.82,,,,,,,,38.1,78.4,37.82
1284,,37.82,,,,,,,,38.5,78.4,37.82
1285,,37.82,,,,,,,,39.1,78.4,37.82
1286,,37.82,,,,,,,,39.9,78.2,37.82
1287,,37.82,,,,,,,,40.8,78,37.82
1288,,38.62,,,,,,,,41.7,77.7,38.62
1289,,38.79,,,,,,,,42.4,77.3,38.79
1290,,39.43,,,,,,,,43.1,76.9,39.43
1291,,39.75,,,,,,,,43.6,76.6,39.75
1292,,40.23,,,,,,,,44.2,76.2,40.23
1293,,40.88,,,,,,,,44.8,75.7,40.88
1294,,41.2,,,,,,,,45.5,75.2,41.2
1295,,41.36,,,,,,,,46.3,74.7,41.36
1296,,41.84,,,,,,,,47.2,74.4,41.84
1297,,42.16,,,,,,,,48.1,74.3,42.16
1298,,43.45,,,,,,,,49.1,74.4,43.45
1299,,44.74,,,,,,,,50,74.6,44.74
1300,,45.54,,,,,,,,51,74.9,45.54
1301,,46.67,,,,,,,,51.9,75.1,46.67
1302,,46.83,,,,,,,,52.7,75.3,46.83
1303,,46.67,,,,,,,,53.4,75.5,46.67
1304,,45.06,,,,,,,,54.1,75.8,45.06
1305,,39.75,,,,,,,,54.8,75.9,39.75
1306,,34.44,,,,,,,,55.5,76,34.44
1307,,29.13,,,,,,,,56.3,76,29.13
1308,,23.82,,,,,,,,57.2,76,23.82
1309,,18.51,,,,,,,,58.2,75.9,18.51
1310,,13.2,,,,,,,,59.2,75.9,13.2
1311,,7.89,,,,,,,,60,75.8,7.89
1312,,2.57,,,,,,,,60.8,75.7,2.57
1313,,0,,,,,,,,61.5,75.5,0
1314,,0,,,,,,,,62.2,75.2,0
1315,,0,,,,,,,,62.9,75,0
1316,,0,,,,,,,,63.7,74.7,0
1317,,0,,,,,,,,64.4,74.1,0
1318,,0,,,,,,,,65.1,73.7,0
1319,,0,,,,,,,,65.9,73.3,0
1320,,0,,,,,,,,66.6,73.5,0
1321,,0,,,,,,,,67.1,74,0
1322,,0,,,,,,,,66.8,74.9,0
1323,,0,,,,,,,,65.6,76.1,0
1324,,0,,,,,,,,63.3,77.7,0
1325,,0,,,,,,,,60.2,79.2,0
1326,,0,,,,,,,,56.2,80.3,0
1327,,0,,,,,,,,52.2,80.8,0
1328,,0,,,,,,,,48.4,81,0
1329,,0,,,,,,,,45,81,0
1330,,0,,,,,,,,41.6,81,0
1331,,0,,,,,,,,38.6,81,0
1332,,0,,,,,,,,36.4,81,0
1333,,0,,,,,,,,34.8,80.9,0
1334,,0,,,,,,,,34.2,80.6,0
1335,,0,,,,,,,,34.7,80.3,0
1336,,0,,,,,,,,36.3,80,0
1337,,0,,,,,,,,38.5,79.9,0
1338,,2.41,,,,,,,,41,79.8,2.41
1339,,7.72,,,,,,,,43.7,79.8,7.72
1340,,13.04,,,,,,,,46.5,79.8,13.04
1341,,18.35,,,,,,,,49.1,79.9,18.35
1342,,21.24,,,,,,,,51.6,80,21.24
1343,,24.3,,,,,,,,53.9,80.4,24.3
1344,,27.04,,,,,,,,56,80.8,27.04
1345,,29.45,,,,,,,,57.9,81.2,29.45
1346,,31.38,,,,,,,,59.7,81.5,31.38
1347,,32.67,,,,,,,,61.2,81.6,32.67
1348,,34.28,,,,,,,,62.5,81.6,34.28
1349,,35.24,,,,,,,,63.5,81.4,35.24
1350,,35.57,,,,,,,,64.3,80.7,35.57
1351,,36.05,,,,,,,,65,79.6,36.05
1352,,35.41,,,,,,,,65.4,78.2,35.41
1353,,34.76,,,,,,,,65.7,76.8,34.76
1354,,33.96,,,,,,,,65.9,75.3,33.96
1355,,32.99,,,,,,,,65.9,73.8,32.99
1356,,32.19,,,,,,,,65.9,72.1,32.19
1357,,31.54,,,,,,,,65.8,70.2,31.54
1358,,29.77,,,,,,,,65.8,68.2,29.77
1359,,28.16,,,,,,,,65.8,66.1,28.16
1360,,26.55,,,,,,,,65.8,63.8,26.55
1361,,24.94,,,,,,,,65.8,61.6,24.94
1362,,22.53,,,,,,,,65.9,60.2,22.53
1363,,17.7,,,,,,,,66,59.8,17.7
1364,,12.87,,,,,,,,66,60.4,12.87
1365,,8.37,,,,,,,,66,61.8,8.37
1366,,4.02,,,,,,,,66,62.6,4.02
1367,,0,,,,,,,,66.1,62.7,0
1368,,0,,,,,,,,66.2,61.9,0
1369,,0,,,,,,,,66.3,60,0
1370,,0,,,,,,,,66.5,58.4,0
1371,,0,,,,,,,,66.7,57.8,0
1372,,0,,,,,,,,66.9,57.8,0
1373,,,,,,,,,,67,57.8,0
1374,,,,,,,,,,67.1,57.3,0
1375,,,,,,,,,,67.1,56.2,3.22
1376,,,,,,,,,,67,54.3,7.89
1377,,,,,,,,,,66.9,50.8,13.04
1378,,,,,,,,,,66.8,45.5,18.19
1379,,,,,,,,,,66.7,40.2,23.34
1380,,,,,,,,,,66.7,34.9,27.84
1381,,,,,,,,,,66.8,29.6,31.54
1382,,,,,,,,,,67,27.3,35.08
1383,,,,,,,,,,67.4,29.3,38.62
1384,,,,,,,,,,67.9,32.9,41.52
1385,,,,,,,,,,68.6,35.6,43.61
1386,,,,,,,,,,69.1,36.7,45.06
1387,,,,,,,,,,69.5,37.6,46.67
1388,,,,,,,,,,69.8,39.4,48.28
1389,,,,,,,,,,69.9,42.5,49.41
1390,,,,,,,,,,69.5,46.5,50.69
1391,,,,,,,,,,68.9,50.2,51.82
1392,,,,,,,,,,68.1,52.8,52.95
1393,,,,,,,,,,67.4,54.3,53.91
1394,,,,,,,,,,66.7,54.9,54.88
1395,,,,,,,,,,66.3,54.9,55.68
1396,,,,,,,,,,66.2,54.7,56.17
1397,,,,,,,,,,66.3,54.1,56.49
1398,,,,,,,,,,66.5,53.2,57.45
1399,,,,,,,,,,66.7,52.1,57.78
1400,,,,,,,,,,66.9,50.7,57.61
1401,,,,,,,,,,67,49.1,56.81
1402,,,,,,,,,,67.1,47.4,56.17
1403,,,,,,,,,,67.1,45.2,55.52
1404,,,,,,,,,,67,41.8,55.68
1405,,,,,,,,,,66.9,36.5,56.01
1406,,,,,,,,,,66.8,31.2,56.49
1407,,,,,,,,,,66.7,27.6,57.45
1408,,,,,,,,,,66.7,26.9,58.1
1409,,,,,,,,,,66.8,27.3,58.26
1410,,,,,,,,,,67,27.5,58.74
1411,,,,,,,,,,67.3,27.4,59.06
1412,,,,,,,,,,67.7,27.1,59.38
1413,,,,,,,,,,68.1,26.7,59.55
1414,,,,,,,,,,68.6,26.8,59.55
1415,,,,,,,,,,69,28.2,59.55
1416,,,,,,,,,,69.3,31.1,59.55
1417,,,,,,,,,,69.3,34.8,59.55
1418,,,,,,,,,,69.2,38.4,59.55
1419,,,,,,,,,,68.8,40.9,59.71
1420,,,,,,,,,,68.2,41.7,60.03
1421,,,,,,,,,,67.6,40.9,60.83
1422,,,,,,,,,,67.4,38.3,62.12
1423,,,,,,,,,,67.2,35.3,63.25
1424,,,,,,,,,,66.9,34.3,64.37
1425,,,,,,,,,,66.3,34.6,65.5
1426,,,,,,,,,,65.4,36.3,66.63
1427,,,,,,,,,,64,39.5,67.91
1428,,,,,,,,,,62.4,41.8,69.04
1429,,,,,,,,,,60.6,42.5,70.01
1430,,,,,,,,,,58.6,41.9,70.81
1431,,,,,,,,,,56.7,40.1,71.29
1432,,,,,,,,,,54.8,36.6,71.62
1433,,,,,,,,,,53,31.3,72.1
1434,,,,,,,,,,51.3,26,72.26
1435,,,,,,,,,,49.6,20.6,72.42
1436,,,,,,,,,,47.8,19.1,72.58
1437,,,,,,,,,,45.5,19.7,73.06
1438,,,,,,,,,,42.8,21.1,73.55
1439,,,,,,,,,,39.8,22,74.03
1440,,,,,,,,,,36.5,22.1,74.51
1441,,,,,,,,,,33,21.4,74.83
1442,,,,,,,,,,29.5,19.6,75.32
1443,,,,,,,,,,25.8,18.3,75.48
1444,,,,,,,,,,22.1,18,75.64
1445,,,,,,,,,,18.6,18.3,75.8
1446,,,,,,,,,,15.3,18.5,75.96
1447,,,,,,,,,,12.4,17.9,76.12
1448,,,,,,,,,,9.6,15,75.96
1449,,,,,,,,,,6.6,9.9,75.8
1450,,,,,,,,,,3.8,4.6,75.64
1451,,,,,,,,,,1.6,1.2,75.48
1452,,,,,,,,,,0,0,75.48
1453,,,,,,,,,,0,0,75.48
1454,,,,,,,,,,0,0,75.64
1455,,,,,,,,,,0,0,75.8
1456,,,,,,,,,,0,0,75.8
1457,,,,,,,,,,0,0,75.96
1458,,,,,,,,,,0,0,75.8
1459,,,,,,,,,,0,0,75.64
1460,,,,,,,,,,0,0,75.48
1461,,,,,,,,,,0,0,74.83
1462,,,,,,,,,,0,0,74.51
1463,,,,,,,,,,0,0,74.35
1464,,,,,,,,,,0,0,74.51
1465,,,,,,,,,,0,0,74.83
1466,,,,,,,,,,0,0,75.48
1467,,,,,,,,,,0,0,75.8
1468,,,,,,,,,,0,0,76.28
1469,,,,,,,,,,0,0,76.77
1470,,,,,,,,,,0,0,77.25
1471,,,,,,,,,,0,0,77.57
1472,,,,,,,,,,0,0,78.05
1473,,,,,,,,,,0,0,78.54
1474,,,,,,,,,,0,0,79.02
1475,,,,,,,,,,0,0,79.18
1476,,,,,,,,,,0,0,79.02
1477,,,,,,,,,,0,0,79.02
1478,,,,,,,,,,,0,78.86
1479,,,,,,,,,,,2.2,78.86
1480,,,,,,,,,,,4.4,79.02
1481,,,,,,,,,,,6.3,79.18
1482,,,,,,,,,,,7.9,79.34
1483,,,,,,,,,,,9.2,79.5
1484,,,,,,,,,,,10.4,79.66
1485,,,,,,,,,,,11.5,79.66
1486,,,,,,,,,,,12.9,79.66
1487,,,,,,,,,,,14.7,79.5
1488,,,,,,,,,,,17,79.02
1489,,,,,,,,,,,19.8,78.7
1490,,,,,,,,,,,23.1,78.21
1491,,,,,,,,,,,26.7,77.89
1492,,,,,,,,,,,30.5,77.41
1493,,,,,,,,,,,34.1,76.77
1494,,,,,,,,,,,37.5,76.28
1495,,,,,,,,,,,40.6,76.12
1496,,,,,,,,,,,43.3,76.44
1497,,,,,,,,,,,45.7,76.93
1498,,,,,,,,,,,47.7,77.09
1499,,,,,,,,,,,49.3,77.25
1500,,,,,,,,,,,50.5,77.09
1501,,,,,,,,,,,51.3,77.09
1502,,,,,,,,,,,52.1,77.09
1503,,,,,,,,,,,52.7,77.25
1504,,,,,,,,,,,53.4,77.25
1505,,,,,,,,,,,54,77.25
1506,,,,,,,,,,,54.5,77.09
1507,,,,,,,,,,,55,76.12
1508,,,,,,,,,,,55.6,74.03
1509,,,,,,,,,,,56.3,69.68
1510,,,,,,,,,,,57.2,66.3
1511,,,,,,,,,,,58.5,63.57
1512,,,,,,,,,,,60.2,63.09
1513,,,,,,,,,,,62.3,62.76
1514,,,,,,,,,,,64.7,62.76
1515,,,,,,,,,,,67.1,62.93
1516,,,,,,,,,,,69.2,63.57
1517,,,,,,,,,,,70.7,64.53
1518,,,,,,,,,,,71.9,65.98
1519,,,,,,,,,,,72.7,67.59
1520,,,,,,,,,,,73.4,69.36
1521,,,,,,,,,,,73.8,70.33
1522,,,,,,,,,,,74.1,70.97
1523,,,,,,,,,,,74,71.29
1524,,,,,,,,,,,73.6,71.45
1525,,,,,,,,,,,72.5,71.78
1526,,,,,,,,,,,70.8,71.94
1527,,,,,,,,,,,68.6,72.26
1528,,,,,,,,,,,66.2,72.74
1529,,,,,,,,,,,64,73.55
1530,,,,,,,,,,,62.2,73.87
1531,,,,,,,,,,,60.9,74.51
1532,,,,,,,,,,,60.2,75.32
1533,,,,,,,,,,,60,75.48
1534,,,,,,,,,,,60.4,75.64
1535,,,,,,,,,,,61.4,75.8
1536,,,,,,,,,,,63.2,76.6
1537,,,,,,,,,,,65.6,77.09
1538,,,,,,,,,,,68.4,77.25
1539,,,,,,,,,,,71.6,77.25
1540,,,,,,,,,,,74.9,77.09
1541,,,,,,,,,,,78.4,76.93
1542,,,,,,,,,,,81.8,76.12
1543,,,,,,,,,,,84.9,75.16
1544,,,,,,,,,,,87.4,74.35
1545,,,,,,,,,,,89,73.87
1546,,,,,,,,,,,90,73.55
1547,,,,,,,,,,,90.6,73.22
1548,,,,,,,,,,,91,73.06
1549,,,,,,,,,,,91.5,72.9
1550,,,,,,,,,,,92,72.42
1551,,,,,,,,,,,92.7,70.81
1552,,,,,,,,,,,93.4,69.36
1553,,,,,,,,,,,94.2,67.91
1554,,,,,,,,,,,94.9,66.79
1555,,,,,,,,,,,95.7,66.79
1556,,,,,,,,,,,96.6,67.75
1557,,,,,,,,,,,97.7,69.04
1558,,,,,,,,,,,98.9,70.01
1559,,,,,,,,,,,100.4,70.65
1560,,,,,,,,,,,102,70.17
1561,,,,,,,,,,,103.6,69.68
1562,,,,,,,,,,,105.2,69.2
1563,,,,,,,,,,,106.8,69.36
1564,,,,,,,,,,,108.5,69.85
1565,,,,,,,,,,,110.2,70.65
1566,,,,,,,,,,,111.9,71.29
1567,,,,,,,,,,,113.7,71.78
1568,,,,,,,,,,,115.3,72.26
1569,,,,,,,,,,,116.8,72.1
1570,,,,,,,,,,,118.2,71.45
1571,,,,,,,,,,,119.5,70.65
1572,,,,,,,,,,,120.7,69.85
1573,,,,,,,,,,,121.8,69.52
1574,,,,,,,,,,,122.6,69.52
1575,,,,,,,,,,,123.2,69.36
1576,,,,,,,,,,,123.6,69.2
1577,,,,,,,,,,,123.7,69.2
1578,,,,,,,,,,,123.6,69.36
1579,,,,,,,,,,,123.3,69.85
1580,,,,,,,,,,,123,70.65
1581,,,,,,,,,,,122.5,70.81
1582,,,,,,,,,,,122.1,70.01
1583,,,,,,,,,,,121.5,68.56
1584,,,,,,,,,,,120.8,66.79
1585,,,,,,,,,,,120,65.5
1586,,,,,,,,,,,119.1,64.37
1587,,,,,,,,,,,118.1,64.37
1588,,,,,,,,,,,117.1,64.86
1589,,,,,,,,,,,116.2,65.98
1590,,,,,,,,,,,115.5,67.59
1591,,,,,,,,,,,114.9,68.72
1592,,,,,,,,,,,114.5,69.36
1593,,,,,,,,,,,114.1,69.52
1594,,,,,,,,,,,113.9,69.85
1595,,,,,,,,,,,113.7,70.65
1596,,,,,,,,,,,113.3,71.29
1597,,,,,,,,,,,112.9,71.94
1598,,,,,,,,,,,112.2,72.58
1599,,,,,,,,,,,111.4,73.06
1600,,,,,,,,,,,110.5,73.71
1601,,,,,,,,,,,109.5,74.83
1602,,,,,,,,,,,108.5,75.48
1603,,,,,,,,,,,107.7,75.96
1604,,,,,,,,,,,107.1,76.28
1605,,,,,,,,,,,106.6,76.12
1606,,,,,,,,,,,106.4,76.12
1607,,,,,,,,,,,106.2,75.96
1608,,,,,,,,,,,106.2,75.96
1609,,,,,,,,,,,106.2,75.96
1610,,,,,,,,,,,106.4,75.8
1611,,,,,,,,,,,106.5,75.64
1612,,,,,,,,,,,106.8,75.64
1613,,,,,,,,,,,107.2,75.48
1614,,,,,,,,,,,107.8,75.32
1615,,,,,,,,,,,108.5,75.48
1616,,,,,,,,,,,109.4,75.64
1617,,,,,,,,,,,110.5,75.96
1618,,,,,,,,,,,111.7,76.44
1619,,,,,,,,,,,113,77.09
1620,,,,,,,,,,,114.1,77.25
1621,,,,,,,,,,,115.1,77.25
1622,,,,,,,,,,,115.9,77.25
1623,,,,,,,,,,,116.5,77.25
1624,,,,,,,,,,,116.7,77.25
1625,,,,,,,,,,,116.6,77.41
1626,,,,,,,,,,,116.2,77.57
1627,,,,,,,,,,,115.2,77.57
1628,,,,,,,,,,,113.8,77.41
1629,,,,,,,,,,,112,78.21
1630,,,,,,,,,,,110.1,78.7
1631,,,,,,,,,,,108.3,79.02
1632,,,,,,,,,,,107,79.02
1633,,,,,,,,,,,106.1,79.02
1634,,,,,,,,,,,105.8,79.02
1635,,,,,,,,,,,105.7,79.02
1636,,,,,,,,,,,105.7,78.86
1637,,,,,,,,,,,105.6,78.7
1638,,,,,,,,,,,105.3,77.57
1639,,,,,,,,,,,104.9,76.77
1640,,,,,,,,,,,104.4,76.44
1641,,,,,,,,,,,104,75.96
1642,,,,,,,,,,,103.8,75.16
1643,,,,,,,,,,,103.9,74.35
1644,,,,,,,,,,,104.4,74.03
1645,,,,,,,,,,,105.1,73.71
1646,,,,,,,,,,,106.1,73.39
1647,,,,,,,,,,,107.2,73.06
1648,,,,,,,,,,,108.5,72.74
1649,,,,,,,,,,,109.9,72.42
1650,,,,,,,,,,,111.3,71.94
1651,,,,,,,,,,,112.7,71.62
1652,,,,,,,,,,,113.9,71.13
1653,,,,,,,,,,,115,70.01
1654,,,,,,,,,,,116,68.88
1655,,,,,,,,,,,116.8,67.59
1656,,,,,,,,,,,117.6,64.53
1657,,,,,,,,,,,118.4,62.12
1658,,,,,,,,,,,119.2,60.35
1659,,,,,,,,,,,120,57.61
1660,,,,,,,,,,,120.8,55.84
1661,,,,,,,,,,,121.6,54.72
1662,,,,,,,,,,,122.3,53.59
1663,,,,,,,,,,,123.1,52.3
1664,,,,,,,,,,,123.8,51.02
1665,,,,,,,,,,,124.4,49.25
1666,,,,,,,,,,,125,47.64
1667,,,,,,,,,,,125.4,46.35
1668,,,,,,,,,,,125.8,45.71
1669,,,,,,,,,,,126.1,46.03
1670,,,,,,,,,,,126.4,47.48
1671,,,,,,,,,,,126.6,50.53
1672,,,,,,,,,,,126.7,53.75
1673,,,,,,,,,,,126.8,57.29
1674,,,,,,,,,,,126.9,60.35
1675,,,,,,,,,,,126.9,62.93
1676,,,,,,,,,,,126.9,64.7
1677,,,,,,,,,,,126.8,66.14
1678,,,,,,,,,,,126.6,67.27
1679,,,,,,,,,,,126.3,68.24
1680,,,,,,,,,,,126,68.88
1681,,,,,,,,,,,125.7,69.68
1682,,,,,,,,,,,125.6,70.49
1683,,,,,,,,,,,125.6,71.29
1684,,,,,,,,,,,125.8,71.94
1685,,,,,,,,,,,126.2,72.42
1686,,,,,,,,,,,126.6,72.74
1687,,,,,,,,,,,127,73.06
1688,,,,,,,,,,,127.4,73.22
1689,,,,,,,,,,,127.6,73.71
1690,,,,,,,,,,,127.8,74.03
1691,,,,,,,,,,,127.9,74.19
1692,,,,,,,,,,,128,74.83
1693,,,,,,,,,,,128.1,75.32
1694,,,,,,,,,,,128.2,75.8
1695,,,,,,,,,,,128.3,76.77
1696,,,,,,,,,,,128.4,77.73
1697,,,,,,,,,,,128.5,78.86
1698,,,,,,,,,,,128.6,79.98
1699,,,,,,,,,,,128.6,80.95
1700,,,,,,,,,,,128.5,82.08
1701,,,,,,,,,,,128.3,83.2
1702,,,,,,,,,,,128.1,84.33
1703,,,,,,,,,,,127.9,85.46
1704,,,,,,,,,,,127.6,86.58
1705,,,,,,,,,,,127.4,87.71
1706,,,,,,,,,,,127.2,88.84
1707,,,,,,,,,,,127,89.8
1708,,,,,,,,,,,126.9,90.77
1709,,,,,,,,,,,126.8,91.57
1710,,,,,,,,,,,126.7,91.73
1711,,,,,,,,,,,126.8,91.89
1712,,,,,,,,,,,126.9,92.22
1713,,,,,,,,,,,127.1,92.7
1714,,,,,,,,,,,127.4,93.02
1715,,,,,,,,,,,127.7,93.34
1716,,,,,,,,,,,128.1,93.5
1717,,,,,,,,,,,128.5,93.99
1718,,,,,,,,,,,129,94.47
1719,,,,,,,,,,,129.5,94.63
1720,,,,,,,,,,,130.1,94.79
1721,,,,,,,,,,,130.6,94.95
1722,,,,,,,,,,,131,94.95
1723,,,,,,,,,,,131.2,94.79
1724,,,,,,,,,,,131.3,94.63
1725,,,,,,,,,,,131.2,94.31
1726,,,,,,,,,,,130.7,93.99
1727,,,,,,,,,,,129.8,93.66
1728,,,,,,,,,,,128.4,93.5
1729,,,,,,,,,,,126.5,93.34
1730,,,,,,,,,,,124.1,93.18
1731,,,,,,,,,,,121.6,92.7
1732,,,,,,,,,,,119,92.38
1733,,,,,,,,,,,116.5,92.05
1734,,,,,,,,,,,114.1,91.89
1735,,,,,,,,,,,111.8,91.73
1736,,,,,,,,,,,109.5,91.73
1737,,,,,,,,,,,107.1,91.57
1738,,,,,,,,,,,104.8,91.57
1739,,,,,,,,,,,102.5,91.57
1740,,,,,,,,,,,100.4,91.73
1741,,,,,,,,,,,98.6,91.73
1742,,,,,,,,,,,97.2,91.73
1743,,,,,,,,,,,95.9,91.73
1744,,,,,,,,,,,94.8,91.73
1745,,,,,,,,,,,93.8,91.73
1746,,,,,,,,,,,92.8,91.73
1747,,,,,,,,,,,91.8,91.73
1748,,,,,,,,,,,91,91.73
1749,,,,,,,,,,,90.2,91.57
1750,,,,,,,,,,,89.6,91.41
1751,,,,,,,,,,,89.1,90.93
1752,,,,,,,,,,,88.6,90.44
1753,,,,,,,,,,,88.1,90.12
1754,,,,,,,,,,,87.6,90.12
1755,,,,,,,,,,,87.1,90.12
1756,,,,,,,,,,,86.6,90.28
1757,,,,,,,,,,,86.1,90.77
1758,,,,,,,,,,,85.5,91.25
1759,,,,,,,,,,,85,91.57
1760,,,,,,,,,,,84.4,91.89
1761,,,,,,,,,,,83.8,92.22
1762,,,,,,,,,,,83.2,92.38
1763,,,,,,,,,,,82.6,92.38
1764,,,,,,,,,,,82,92.05
1765,,,,,,,,,,,81.3,91.73
1766,,,,,,,,,,,80.4,91.57
1767,,,,,,,,,,,79.1,91.09
1768,,,,,,,,,,,77.4,90.61
1769,,,,,,,,,,,75.1,90.28
1770,,,,,,,,,,,72.3,90.77
1771,,,,,,,,,,,69.1,91.25
1772,,,,,,,,,,,65.9,91.89
1773,,,,,,,,,,,62.7,92.54
1774,,,,,,,,,,,59.7,93.02
1775,,,,,,,,,,,57,93.34
1776,,,,,,,,,,,54.6,93.34
1777,,,,,,,,,,,52.2,93.34
1778,,,,,,,,,,,49.7,93.34
1779,,,,,,,,,,,46.8,93.34
1780,,,,,,,,,,,43.5,93.34
1781,,,,,,,,,,,39.9,93.18
1782,,,,,,,,,,,36.4,93.02
1783,,,,,,,,,,,33.2,92.86
1784,,,,,,,,,,,30.5,92.86
1785,,,,,,,,,,,28.3,93.02
1786,,,,,,,,,,,26.3,93.18
1787,,,,,,,,,,,24.4,93.34
1788,,,,,,,,,,,22.5,93.5
1789,,,,,,,,,,,20.5,93.99
1790,,,,,,,,,,,18.2,94.79
1791,,,,,,,,,,,15.5,95.11
1792,,,,,,,,,,,12.3,95.59
1793,,,,,,,,,,,8.7,96.24
1794,,,,,,,,,,,5.2,96.4
1795,,,,,,,,,,,0,96.4
1796,,,,,,,,,,,0,96.24
1797,,,,,,,,,,,0,95.92
1798,,,,,,,,,,,0,95.59
1799,,,,,,,,,,,0,95.27
1800,,,,,,,,,,,0,95.11
1801,,,,,,,,,,,,94.95
1802,,,,,,,,,,,,94.79
1803,,,,,,,,,,,,94.47
1804,,,,,,,,,,,,94.31
1805,,,,,,,,,,,,94.15
1806,,,,,,,,,,,,93.99
1807,,,,,,,,,,,,93.99
1808,,,,,,,,,,,,93.82
1809,,,,,,,,,,,,93.66
1810,,,,,,,,,,,,93.5
1811,,,,,,,,,,,,93.34
1812,,,,,,,,,,,,93.18
1813,,,,,,,,,,,,93.18
1814,,,,,,,,,,,,93.18
1815,,,,,,,,,,,,93.18
1816,,,,,,,,,,,,93.18
1817,,,,,,,,,,,,93.34
1818,,,,,,,,,,,,93.5
1819,,,,,,,,,,,,93.5
1820,,,,,,,,,,,,93.66
1821,,,,,,,,,,,,93.66
1822,,,,,,,,,,,,93.66
1823,,,,,,,,,,,,93.5
1824,,,,,,,,,,,,93.34
1825,,,,,,,,,,,,93.34
1826,,,,,,,,,,,,93.34
1827,,,,,,,,,,,,93.34
1828,,,,,,,,,,,,93.34
1829,,,,,,,,,,,,93.34
1830,,,,,,,,,,,,93.18
1831,,,,,,,,,,,,93.18
1832,,,,,,,,,,,,93.34
1833,,,,,,,,,,,,93.5
1834,,,,,,,,,,,,93.5
1835,,,,,,,,,,,,93.66
1836,,,,,,,,,,,,93.82
1837,,,,,,,,,,,,93.82
1838,,,,,,,,,,,,93.82
1839,,,,,,,,,,,,93.66
1840,,,,,,,,,,,,93.5
1841,,,,,,,,,,,,93.34
1842,,,,,,,,,,,,93.02
1843,,,,,,,,,,,,92.54
1844,,,,,,,,,,,,91.89
1845,,,,,,,,,,,,91.73
1846,,,,,,,,,,,,91.09
1847,,,,,,,,,,,,90.28
1848,,,,,,,,,,,,90.12
1849,,,,,,,,,,,,89.8
1850,,,,,,,,,,,,89.32
1851,,,,,,,,,,,,88.84
1852,,,,,,,,,,,,88.67
1853,,,,,,,,,,,,88.51
1854,,,,,,,,,,,,88.35
1855,,,,,,,,,,,,88.35
1856,,,,,,,,,,,,88.35
1857,,,,,,,,,,,,88.35
1858,,,,,,,,,,,,88.35
1859,,,,,,,,,,,,88.35
1860,,,,,,,,,,,,88.51
1861,,,,,,,,,,,,88.51
1862,,,,,,,,,,,,88.51
1863,,,,,,,,,,,,88.51
1864,,,,,,,,,,,,88.51
1865,,,,,,,,,,,,88.51
1866,,,,,,,,,,,,88.67
1867,,,,,,,,,,,,88.67
1868,,,,,,,,,,,,88.51
1869,,,,,,,,,,,,88.35
1870,,,,,,,,,,,,88.35
1871,,,,,,,,,,,,88.19
1872,,,,,,,,,,,,88.03
1873,,,,,,,,,,,,87.87
1874,,,,,,,,,,,,87.55
1875,,,,,,,,,,,,87.39
1876,,,,,,,,,,,,87.39
1877,,,,,,,,,,,,87.23
1878,,,,,,,,,,,,87.07
1879,,,,,,,,,,,,87.07
1880,,,,,,,,,,,,87.07
1881,,,,,,,,,,,,86.9
1882,,,,,,,,,,,,86.9
1883,,,,,,,,,,,,86.9
1884,,,,,,,,,,,,86.9
1885,,,,,,,,,,,,86.9
1886,,,,,,,,,,,,86.9
1887,,,,,,,,,,,,86.9
1888,,,,,,,,,,,,86.9
1889,,,,,,,,,,,,87.07
1890,,,,,,,,,,,,87.23
1891,,,,,,,,,,,,87.71
1892,,,,,,,,,,,,88.19
1893,,,,,,,,,,,,88.35
1894,,,,,,,,,,,,88.51
1895,,,,,,,,,,,,88.67
1896,,,,,,,,,,,,88.84
1897,,,,,,,,,,,,88.84
1898,,,,,,,,,,,,89
1899,,,,,,,,,,,,89.16
1900,,,,,,,,,,,,89.32
1901,,,,,,,,,,,,89.48
1902,,,,,,,,,,,,89.64
1903,,,,,,,,,,,,89.8
1904,,,,,,,,,,,,89.96
1905,,,,,,,,,,,,90.12
1906,,,,,,,,,,,,90.12
1907,,,,,,,,,,,,90.12
1908,,,,,,,,,,,,90.12
1909,,,,,,,,,,,,90.12
1910,,,,,,,,,,,,90.12
1911,,,,,,,,,,,,90.12
1912,,,,,,,,,,,,90.12
1913,,,,,,,,,,,,90.12
1914,,,,,,,,,,,,90.12
1915,,,,,,,,,,,,90.12
1916,,,,,,,,,,,,90.12
1917,,,,,,,,,,,,90.12
1918,,,,,,,,,,,,90.12
1919,,,,,,,,,,,,89.96
1920,,,,,,,,,,,,89.96
1921,,,,,,,,,,,,89.96
1922,,,,,,,,,,,,89.8
1923,,,,,,,,,,,,89.48
1924,,,,,,,,,,,,89.16
1925,,,,,,,,,,,,88.84
1926,,,,,,,,,,,,88.67
1927,,,,,,,,,,,,88.51
1928,,,,,,,,,,,,88.35
1929,,,,,,,,,,,,87.87
1930,,,,,,,,,,,,87.55
1931,,,,,,,,,,,,87.23
1932,,,,,,,,,,,,87.07
1933,,,,,,,,,,,,86.58
1934,,,,,,,,,,,,85.94
1935,,,,,,,,,,,,85.78
1936,,,,,,,,,,,,85.46
1937,,,,,,,,,,,,86.74
1938,,,,,,,,,,,,84.65
1939,,,,,,,,,,,,84.33
1940,,,,,,,,,,,,84.01
1941,,,,,,,,,,,,83.85
1942,,,,,,,,,,,,83.69
1943,,,,,,,,,,,,83.69
1944,,,,,,,,,,,,83.69
1945,,,,,,,,,,,,83.69
1946,,,,,,,,,,,,83.85
1947,,,,,,,,,,,,83.69
1948,,,,,,,,,,,,83.69
1949,,,,,,,,,,,,83.52
1950,,,,,,,,,,,,83.04
1951,,,,,,,,,,,,82.72
1952,,,,,,,,,,,,82.24
1953,,,,,,,,,,,,81.59
1954,,,,,,,,,,,,80.95
1955,,,,,,,,,,,,80.15
1956,,,,,,,,,,,,79.34
1957,,,,,,,,,,,,78.37
1958,,,,,,,,,,,,77.57
1959,,,,,,,,,,,,77.41
1960,,,,,,,,,,,,77.25
1961,,,,,,,,,,,,77.25
1962,,,,,,,,,,,,77.41
1963,,,,,,,,,,,,77.89
1964,,,,,,,,,,,,78.7
1965,,,,,,,,,,,,78.86
1966,,,,,,,,,,,,79.02
1967,,,,,,,,,,,,79.02
1968,,,,,,,,,,,,78.86
1969,,,,,,,,,,,,78.86
1970,,,,,,,,,,,,78.7
1971,,,,,,,,,,,,78.21
1972,,,,,,,,,,,,77.73
1973,,,,,,,,,,,,77.25
1974,,,,,,,,,,,,77.09
1975,,,,,,,,,,,,76.93
1976,,,,,,,,,,,,76.77
1977,,,,,,,,,,,,77.09
1978,,,,,,,,,,,,77.73
1979,,,,,,,,,,,,78.86
1980,,,,,,,,,,,,79.02
1981,,,,,,,,,,,,78.86
1982,,,,,,,,,,,,78.7
1983,,,,,,,,,,,,77.25
1984,,,,,,,,,,,,75.8
1985,,,,,,,,,,,,74.35
1986,,,,,,,,,,,,74.19
1987,,,,,,,,,,,,74.19
1988,,,,,,,,,,,,74.35
1989,,,,,,,,,,,,75.48
1990,,,,,,,,,,,,76.93
1991,,,,,,,,,,,,78.86
1992,,,,,,,,,,,,79.98
1993,,,,,,,,,,,,81.43
1994,,,,,,,,,,,,82.88
1995,,,,,,,,,,,,84.01
1996,,,,,,,,,,,,84.81
1997,,,,,,,,,,,,85.3
1998,,,,,,,,,,,,86.26
1999,,,,,,,,,,,,86.9
2000,,,,,,,,,,,,87.07
2001,,,,,,,,,,,,87.55
2002,,,,,,,,,,,,88.03
2003,,,,,,,,,,,,88.67
2004,,,,,,,,,,,,89.16
2005,,,,,,,,,,,,89.16
2006,,,,,,,,,,,,88.51
2007,,,,,,,,,,,,87.71
2008,,,,,,,,,,,,86.26
2009,,,,,,,,,,,,84.49
2010,,,,,,,,,,,,80.79
2011,,,,,,,,,,,,77.57
2012,,,,,,,,,,,,74.83
2013,,,,,,,,,,,,74.35
2014,,,,,,,,,,,,74.03
2015,,,,,,,,,,,,74.03
2016,,,,,,,,,,,,74.51
2017,,,,,,,,,,,,75.32
2018,,,,,,,,,,,,76.44
2019,,,,,,,,,,,,77.57
2020,,,,,,,,,,,,78.54
2021,,,,,,,,,,,,79.66
2022,,,,,,,,,,,,80.79
2023,,,,,,,,,,,,81.59
2024,,,,,,,,,,,,82.24
2025,,,,,,,,,,,,83.2
2026,,,,,,,,,,,,84.01
2027,,,,,,,,,,,,84.49
2028,,,,,,,,,,,,83.85
2029,,,,,,,,,,,,83.04
2030,,,,,,,,,,,,82.24
2031,,,,,,,,,,,,82.08
2032,,,,,,,,,,,,82.08
2033,,,,,,,,,,,,82.24
2034,,,,,,,,,,,,82.72
2035,,,,,,,,,,,,83.2
2036,,,,,,,,,,,,83.69
2037,,,,,,,,,,,,84.01
2038,,,,,,,,,,,,84.49
2039,,,,,,,,,,,,84.97
2040,,,,,,,,,,,,84.81
2041,,,,,,,,,,,,84.65
2042,,,,,,,,,,,,84.17
2043,,,,,,,,,,,,84.17
2044,,,,,,,,,,,,84.33
2045,,,,,,,,,,,,84.49
2046,,,,,,,,,,,,84.81
2047,,,,,,,,,,,,84.81
2048,,,,,,,,,,,,84.33
2049,,,,,,,,,,,,83.85
2050,,,,,,,,,,,,83.2
2051,,,,,,,,,,,,82.24
2052,,,,,,,,,,,,81.27
2053,,,,,,,,,,,,80.63
2054,,,,,,,,,,,,80.15
2055,,,,,,,,,,,,79.98
2056,,,,,,,,,,,,79.82
2057,,,,,,,,,,,,79.66
2058,,,,,,,,,,,,79.66
2059,,,,,,,,,,,,79.98
2060,,,,,,,,,,,,80.47
2061,,,,,,,,,,,,80.79
2062,,,,,,,,,,,,81.43
2063,,,,,,,,,,,,82.24
2064,,,,,,,,,,,,83.04
2065,,,,,,,,,,,,83.52
2066,,,,,,,,,,,,83.69
2067,,,,,,,,,,,,83.85
2068,,,,,,,,,,,,84.33
2069,,,,,,,,,,,,85.13
2070,,,,,,,,,,,,85.78
2071,,,,,,,,,,,,86.42
2072,,,,,,,,,,,,87.23
2073,,,,,,,,,,,,87.71
2074,,,,,,,,,,,,88.19
2075,,,,,,,,,,,,88.51
2076,,,,,,,,,,,,89.32
2077,,,,,,,,,,,,89.96
2078,,,,,,,,,,,,90.28
2079,,,,,,,,,,,,90.61
2080,,,,,,,,,,,,90.77
2081,,,,,,,,,,,,90.93
2082,,,,,,,,,,,,91.25
2083,,,,,,,,,,,,91.57
2084,,,,,,,,,,,,91.73
2085,,,,,,,,,,,,92.22
2086,,,,,,,,,,,,92.86
2087,,,,,,,,,,,,93.66
2088,,,,,,,,,,,,94.63
2089,,,,,,,,,,,,95.11
2090,,,,,,,,,,,,95.27
2091,,,,,,,,,,,,95.11
2092,,,,,,,,,,,,94.63
2093,,,,,,,,,,,,94.15
2094,,,,,,,,,,,,93.5
2095,,,,,,,,,,,,92.86
2096,,,,,,,,,,,,92.22
2097,,,,,,,,,,,,91.89
2098,,,,,,,,,,,,91.41
2099,,,,,,,,,,,,90.93
2100,,,,,,,,,,,,90.44
2101,,,,,,,,,,,,89.32
2102,,,,,,,,,,,,87.87
2103,,,,,,,,,,,,87.07
2104,,,,,,,,,,,,86.42
2105,,,,,,,,,,,,85.62
2106,,,,,,,,,,,,85.13
2107,,,,,,,,,,,,84.49
2108,,,,,,,,,,,,83.69
2109,,,,,,,,,,,,82.56
2110,,,,,,,,,,,,81.27
2111,,,,,,,,,,,,79.66
2112,,,,,,,,,,,,78.05
2113,,,,,,,,,,,,76.6
2114,,,,,,,,,,,,75.32
2115,,,,,,,,,,,,73.39
2116,,,,,,,,,,,,71.13
2117,,,,,,,,,,,,68.4
2118,,,,,,,,,,,,63.09
2119,,,,,,,,,,,,57.78
2120,,,,,,,,,,,,52.46
2121,,,,,,,,,,,,47.15
2122,,,,,,,,,,,,43.13
2123,,,,,,,,,,,,39.43
2124,,,,,,,,,,,,34.6
2125,,,,,,,,,,,,31.38
2126,,,,,,,,,,,,28
2127,,,,,,,,,,,,24.3
2128,,,,,,,,,,,,19.96
2129,,,,,,,,,,,,15.61
2130,,,,,,,,,,,,11.27
2131,,,,,,,,,,,,8.05
2132,,,,,,,,,,,,5.31
2133,,,,,,,,,,,,3.22
2134,,,,,,,,,,,,1.13
2135,,,,,,,,,,,,0
2136,,,,,,,,,,,,0
2137,,,,,,,,,,,,0
