1 Occupant,1 Occupant,2 Occupants,2 Occupants,3 Occupants,3 Occupants,4+ Occupants,4+ Occupants
X,Y,X,Y,X,Y,X,Y
0.0,0.00047380863136251147,0.0,0.00038849925358451525,0.0,0.0,0.0,0.0
25.814139058488422,0.0009777961564423805,22.457023383729407,0.0007860333735314612,23.022248580597665,1.180085930988468e-05,28.33376752431677,3.841925168736147e-06
51.628278116976844,0.0015149804646113426,44.914046767458814,0.0012076604704448885,46.04449716119533,3.540257792965404e-05,56.66753504863354,1.152577550620844e-05
77.44241717546527,0.002109504670843284,67.37107015118822,0.0016533805443247976,69.066745741793,7.071461218173864e-05,85.00130257295031,2.302129963313549e-05
103.25655623395369,0.002788529779483826,89.82809353491763,0.002108135484567137,92.08899432239066,0.00011779732451785144,113.33507009726708,3.8358748928798685e-05
129.0706952924421,0.003561109458648176,112.28511691864703,0.002568913669051097,115.11124290298832,0.00017665071493799245,141.66883762158386,5.753812339319804e-05
154.88483435093053,0.004430261597708069,134.74214030237644,0.0030387267198974874,138.133491483586,0.0002475765957007265,170.00260514590062,8.055942302633354e-05
180.69897340941895,0.005395986196663508,157.19916368610586,0.003511551392864688,161.15574006418365,0.0003302731545474887,198.3363726702174,0.00010739239644892378
206.51311246790738,0.006446211698027546,179.65618706983525,0.003990399310073509,184.17798864478132,0.00042474039147827916,226.67014019453416,0.00013794628952312464
232.3272515263958,0.007577920212428449,202.11321045356468,0.004481293715765572,207.200237225379,0.0005309783064930978,255.00390771885094,0.00017243286190390578
258.1413905848842,0.008785075961122747,224.57023383729407,0.004987246232061684,230.22248580597665,0.0006489868995919446,283.3376752431677,0.00021085211359126726
283.95552964337264,0.010079750501597382,247.0272572210235,0.005511268481082658,253.24473438657432,0.0007787661707748197,311.67144276748445,0.00025290153079239515
309.76966870186106,0.011477033280711028,269.4842806047529,0.006047337218586872,276.266982967172,0.0009203161200417229,340.00521029180123,0.00029888362730010336
335.5838077603495,0.012979942187835429,291.9413039884823,0.006595452444574328,299.28923154776965,0.0010615642570500612,368.338977816118,0.0003487984031143919
361.3979468188379,0.014609602448572729,314.3983273722117,0.007152602536924214,322.3114801283673,0.0012058305166440478,396.6727453404348,0.00040234334444244683
387.21208587732633,0.016399210846012025,336.8553507559411,0.0077187874956365305,345.333728708965,0.00135794389496072,425.0065128647515,0.0004598209650770821
413.02622493581475,0.018391017831357617,359.3123741396705,0.008297018942832088,368.35597728956265,0.0015203188900685962,453.3402803890683,0.0005212312650182977
438.8403639943032,0.02064236330267248,381.7693975233999,0.008884285256390076,391.3782258701603,0.001694162751001936,481.6740479133851,0.0005865742442660935
464.6545030527916,0.02315928303870009,404.22642090712935,0.009477574814189685,414.400474450758,0.0018692138609695348,510.0078154377019,0.000652824764892331
490.46864211128,0.02594479492881218,426.68344429085874,0.010082910860472534,437.42272303135564,0.0020512066528841247,538.3415829620186,0.0007221004234467072
516.2827811697684,0.029008133714486264,449.14046767458814,0.010700293395238624,460.4449716119533,0.0022398393144871407,566.6753504863354,0.0007986364130286162
542.0969202282569,0.03235714590808885,471.59749105831753,0.011329722418487956,483.46722019255094,0.002436017282554277,595.0091180106522,0.000889693064665591
567.9110592867453,0.0360458215504803,494.054514442047,0.011971197930220528,506.48946877314864,0.0026397405570855346,623.3428855349689,0.0010025307093851647
593.7251983452337,0.040098907334508826,516.5115378257764,0.01262170830831553,529.5117173537463,0.002849801889046653,651.6766530592857,0.0011401744851154752
619.5393374037221,0.04450903961010742,538.9685612095058,0.013284265174893773,552.533965934344,0.0030674085274718923,680.0104205836025,0.0012992967401355708
645.3534764622106,0.04929489911248712,561.4255845932352,0.013961880152076066,575.5562145149416,0.0032844115413800026,708.3441881079192,0.0014732421710035458
671.167615520699,0.05443852939988609,583.8826079769646,0.014660576484104033,598.5784630955393,0.003506243551425149,736.677955632236,0.0016550529604846815
696.9817545791874,0.05999156655945473,606.339631360694,0.01538637741521929,621.6007116761369,0.003735922680192982,765.0117231565528,0.0018389813465155146
722.7958936376758,0.06602550439040945,628.7966547444234,0.01614229456754265,644.6229602567346,0.003975561613493454,793.3454906808696,0.00202079213599665
748.6100326961642,0.07256527065896082,651.2536781281528,0.016928327941074107,667.6452088373322,0.0042269712248779534,821.6792582051863,0.0021986702461712056
774.4241717546527,0.0796449675150094,673.7107015118822,0.017750500780055294,690.66745741793,0.004489849702087916,850.013025729503,0.00237412824600325
800.2383108131411,0.08723453678041275,696.1677248956116,0.018611824706607005,713.6897059985276,0.004762687983830518,878.3467932538199,0.002552006356177806
826.0524498716295,0.09527796642843143,718.624748279341,0.019518322964970875,736.7119545791253,0.005044580633330066,906.6805607781366,0.002739564907722405
851.8665889301179,0.10381159184710115,741.0817716630704,0.0204699955551469,759.7342031597229,0.005337338524137946,935.0143283024534,0.0029464843420070916
877.6807279886063,0.11283058441342714,763.5387950467998,0.02146985409925588,782.7564517403206,0.005654241395631013,963.3480958267702,0.0031836551555731655
903.4948670470948,0.1223567332886733,785.9958184305293,0.02252392184153945,805.7787003209182,0.006001325492980563,991.6818633510869,0.0034577326518625317
929.3090061055832,0.1323947765591533,808.4528418142587,0.023635210404118413,828.800948901516,0.006378590816186596,1020.0156308754038,0.0037693218584608176
955.1231451640716,0.14288743468459156,830.9098651979881,0.024812754653355203,851.8231974821136,0.0067860373652491104,1048.3493983997205,0.004117212720196768
980.93728422256,0.1538110474123137,853.3668885817175,0.026059566211370625,874.8454460627113,0.00721762889499681,1076.6831659240372,0.004492329823285966
1006.7514232810485,0.16513368547276672,875.8239119654469,0.02737865670028549,897.8676946433089,0.007670347282844049,1105.016933448354,0.004885597753943997
1032.5655623395369,0.17683168861327622,898.2809353491763,0.028782072608583044,920.8899432239066,0.008150228773962123,1133.350700972671,0.005290966236314583
1058.3797013980254,0.1889074107875522,920.7379587329057,0.03026981393626328,943.9121918045042,0.00865727336835103,1161.6844684969876,0.005702384994541445
1084.1938404565137,0.20130236529957035,943.1949821166351,0.0318418806833262,966.9344403851019,0.009185444820839474,1190.0182360213043,0.006125904304480862
1110.0079795150023,0.213962924255195,965.6520055003646,0.033507307716134235,989.9566889656996,0.00972568876367051,1218.352003545621,0.00657362471784539
1135.8221185734906,0.22685332566537103,988.109028884094,0.035266095034687396,1012.9789375462973,0.010311204545286274,1246.6857710699378,0.0070576467863475816
1161.636257631979,0.2399206659294119,1010.5660522678234,0.03712727750534809,1036.001186126895,0.010945010288272407,1275.0195385942545,0.007587045923771854
1187.4503966904674,0.25314991595824643,1033.0230756515527,0.03909085512811634,1059.0234347074927,0.011630124115214562,1303.3533061185715,0.008164847268046347
1213.264535748956,0.2665085127255535,1055.4800990352821,0.04115682790299214,1082.0456832880902,0.012366546026112736,1331.6870736428882,0.008797101095027333
1239.0786748074443,0.27995722366950065,1077.9371224190115,0.043337242318458716,1105.067931868688,0.01313616728545304,1360.020841167205,0.00947775712885854
1264.8928138659328,0.2934724790740945,1100.394145802741,0.04562607513027447,1128.0901804492855,0.013938987893235477,1388.3546086915217,0.01020076509368369
1290.706952924421,0.30703188620019695,1122.8511691864703,0.048026337960560196,1151.1124290298833,0.014787080339802637,1416.6883762158384,0.010957049575718364
1316.5210919829096,0.32062216633457225,1145.3081925701997,0.05054706567567833,1174.1346776104808,0.015689498992911468,1445.0221437401553,0.011740560299106285
1342.335231041398,0.33423520135481033,1167.765215953929,0.05318524665350806,1197.1569261910786,0.016631153239633722,1473.355911264472,0.012542221850063043
1368.1493700998865,0.34785246142016896,1190.2222393376585,0.05594991576041182,1220.1791747716763,0.01759997058962681,1501.6896787887888,0.013368084504444907
1393.9635091583748,0.36144980341567406,1212.679262721388,0.05884408461851042,1243.2014233522739,0.01861707790099027,1530.0234463131055,0.014224198538108157
1419.7776482168633,0.37500616247351104,1235.1362861051175,0.06186778334402507,1266.2236719328716,0.019691529541481054,1558.3572138374223,0.01513173991654977
1445.5917872753516,0.38850412537200485,1257.593309488847,0.06502884215446987,1289.2459205134692,0.020829361756270447,1586.6909813617392,0.016102809191482294
1471.4059263338402,0.4019184323771142,1280.0503328725763,0.06833295301565313,1312.268169094067,0.022036610790529747,1615.024748886056,0.017143456638762003
1497.2200653923285,0.41523299813848774,1302.5073562563057,0.07177854988407209,1335.2904176746645,0.023325349134601554,1643.3585164103727,0.018250657120460766
1523.034204450817,0.42844924106413007,1324.964379640035,0.07536798182498092,1358.3126662552622,0.024686522420728923,1671.6922839346894,0.019421385498650443
1548.8483435093053,0.4415659841771863,1347.4214030237645,0.07909441245616543,1381.33491483586,0.026111076281154895,1700.026051459006,0.020646566359546616
1574.6624825677939,0.454587754311714,1369.8784264074939,0.08296651524933352,1404.3571634164575,0.02759297447070819,1728.3598189833228,0.021920149427293006
1600.4766216262822,0.4675097228447184,1392.3354497912233,0.08698907868365728,1427.3794119970553,0.029156361970073992,1756.6935865076398,0.023233059288105203
1626.2907606847707,0.48033041101040735,1414.7924731749526,0.09114228628558177,1450.4016605776528,0.03079822065666664,1785.0273540319565,0.02459134621783948
1652.104899743259,0.4930560356608866,1437.249496558682,0.09543318525086973,1473.4239091582506,0.03251855053048615,1813.3611215562732,0.026004085630280248
1677.9190388017475,0.5056700587623991,1459.7065199424114,0.09986361266901482,1496.4461577388483,0.03430527910118991,1841.69488908059,0.027489428352996347
1703.7331778602359,0.5181563346068061,1482.1635433261408,0.1044241120465577,1519.4684063194459,0.03617349698170618,1870.0286566049067,0.029059474937700332
1729.5473169187244,0.530504964516968,1504.6205667098702,0.10911808651649489,1542.4906549000436,0.038096041068764123,1898.3624241292237,0.030717250522320338
1755.3614559772127,0.542685226379081,1527.0775900935996,0.11393885027771818,1565.5129034806412,0.04011214695597715,1926.6961916535404,0.03247183052064079
1781.1755950357012,0.5546859238235756,1549.5346134773292,0.11888468670561873,1588.535152061239,0.042230869011102234,1955.029959177857,0.03432321493266167
1806.9897340941895,0.5664907904267383,1571.9916368610586,0.12396225148508351,1611.5574006418365,0.044467297847067586,1983.3637267021738,0.0362804791721674
1832.803873152678,0.5781032062246654,1594.448660244788,0.1291624796335289,1634.5796492224342,0.046839542199387116,2011.6974942264906,0.03834059810122985
1858.6180122111664,0.5895545270879292,1616.9056836285174,0.13449139439519647,1657.601897803032,0.049323457087375636,2040.0312617508075,0.04049752144399275
1884.432151269655,0.6008485555571381,1639.3627070122468,0.13994920658363477,1680.6241463836295,0.05188282504000536,2068.365029275124,0.04274217378667165
1910.2462903281432,0.6119688441352163,1661.8197303959762,0.14553001341948693,1703.6463949642273,0.05453877291537582,2096.698796799441,0.04506850485341031
1936.0604293866318,0.6228841878460598,1684.2767537797056,0.15124284976911542,1726.6686435448248,0.057303373203829625,2125.032564323758,0.047470464368352436
1961.87456844512,0.6335428600658373,1706.733777163435,0.1570846738941782,1749.6908921254226,0.06019171651829501,2153.3663318480744,0.04994502719356989
1987.6887075036086,0.6439529185591713,1729.1908005471644,0.16304834825024897,1772.71314070602,0.06320983910394327,2181.7000993723914,0.052489168191134535
2013.502846562097,0.6541312031487557,1751.6478239308938,0.16913703504055455,1795.7353892866179,0.0663255677740114,2210.033866896708,0.055118013050687066
2039.3169856205855,0.6640648576258673,1774.1048473146232,0.17534949950002546,1818.7576378672156,0.0695268904006085,2238.367634421025,0.05784668746186817
2065.1311246790738,0.6737496871242794,1796.5618706983525,0.1816899277834096,1841.7798864478132,0.07284241878584653,2266.701401945342,0.060690317114318555
2090.945263737562,0.6831482094579948,1819.018894082082,0.18814735758618717,1864.802135028411,0.07626901408223642,2295.0351694696583,0.06365797742182262
2116.759402796051,0.6922478098494399,1841.4759174658113,0.1947126034608898,1887.8243836090085,0.07981328597824074,2323.3689369939752,0.06675169522679222
2142.573541854539,0.7010671690338255,1863.9329408495407,0.2013985551501945,1910.8466321896062,0.0834838964856803,2351.7027045182917,0.06997144027784809
2168.3876809130275,0.7095995872967465,1886.3899642332701,0.20820557404875575,1933.8688807702038,0.0872543464882531,2380.0364720426087,0.07331318914154578
2194.2018199715158,0.717861180167448,1908.8469876169997,0.2151413096767604,1956.8911293508015,0.09110876066115862,2408.3702395669256,0.07677064953099476
2220.0159590300045,0.7258259636184393,1931.3040110007291,0.22220681610195078,1979.9133779313993,0.09509180721866448,2436.704007091242,0.08034025178343986
2245.830098088493,0.7334830732479821,1953.7610343844585,0.22940248483520256,2002.9356265119968,0.0991880031919063,2465.037774615559,0.08402220765853603
2271.644237146981,0.7408692669486243,1976.218057768188,0.23674506049550748,2025.9578750925946,0.1034012117777937,2493.3715421398756,0.08782347497351799
2297.4583762054694,0.7479737708553086,1998.6750811519173,0.24419478967087083,2048.9801236731923,0.10771697616914143,2521.7053096641926,0.09174453775045424
2323.272515263958,0.7548154769555021,2021.1321045356467,0.25173363274478894,2072.00237225379,0.11211383751436552,2550.039077188509,0.0957817960752103
2349.0866543224465,0.7614458100840992,2043.589127919376,0.2593930912846455,2095.0246208343874,0.11656970315613904,2578.372844712826,0.09992629553951889
2374.900793380935,0.7678861670767455,2066.0461513031055,0.2671696718087804,2118.0468694149854,0.12113416084854418,2606.706612237143,0.10417431522372837
2400.714932439423,0.7741661232492841,2088.503174686835,0.275068644655905,2141.069117995583,0.12580048017821496,2635.0403797614595,0.10852446356439181
2426.529071497912,0.7803039670113077,2110.9601980705643,0.28309528016473073,2164.0913665761805,0.13057164908651117,2663.3741472857764,0.11298012871598874
2452.3432105564,0.7863172021211723,2133.4172214542937,0.2912377426603228,2187.113615156778,0.13545322091899037,2691.707914810093,0.11754118967300202
2478.1573496148885,0.7922391762564356,2155.874244838023,0.2994985016728204,2210.135863737376,0.1404191794589643,2720.04168233441,0.12220655738577753
2503.971488673377,0.798074567145624,2178.3312682217525,0.30787192546885744,2233.1581123179735,0.1454488807479471,2748.375449858727,0.1269714521363888
2529.7856277318656,0.8038199343948532,2200.788291605482,0.31634732278990507,2256.180360898571,0.15056550396739657,2776.7092173830433,0.13183112445828862
2555.599766790354,0.8094589814015163,2223.2453149892112,0.32492053759743666,2279.202609479169,0.15578051798313816,2805.0429849073603,0.13677737622769182
2581.413905848842,0.8149730274304021,2245.7023383729406,0.3335814207249051,2302.2248580597666,0.161104637130351,2833.376752431677,0.14180134379046888
2607.2280449073305,0.8203864872065281,2268.15936175667,0.34232955054521336,2325.247106640364,0.16654649323962994,2861.7105199559937,0.14690084904731157
2633.0421839658193,0.8257191882630663,2290.6163851403994,0.35116269845799203,2348.2693552209616,0.17208677032642689,2890.0442874803107,0.15208176076580046
2658.8563230243076,0.8309396540138696,2313.073408524129,0.3600678843719005,2371.2916038015596,0.17770609204374194,2918.378055004627,0.15735502994523543
2684.670462082796,0.8360145669602742,2335.530431907858,0.3690518543204894,2394.313852382157,0.18339588692343187,2946.711822528944,0.16272849169285036
2710.484601141284,0.840951713256859,2357.9874552915876,0.3781121086573984,2417.3361009627547,0.18914854929658084,2975.0455900532606,0.16820526190071122
2736.298740199773,0.8457767147843901,2380.444478675317,0.3872359383372777,2440.3583495433527,0.19497298262481658,3003.3793575775776,0.17378494730088737
2762.1128792582613,0.8505083729936533,2402.901502059047,0.39642406614943637,2463.38059812395,0.20088116885480406,3031.7131251018945,0.17946782015579232
2787.9270183167496,0.8551442132153642,2425.358525442776,0.40567077001184476,2486.4028467045478,0.20687479813519122,3060.046892626211,0.18525548378852796
2813.741157375238,0.8596831791882421,2447.8155488265056,0.41496457564422257,2509.4250952851453,0.2129534479288161,3088.380660150528,0.19114942051667916
2839.5552964337267,0.8641094571719794,2470.272572210235,0.4242988574779041,2532.4473438657433,0.21911576008051514,3116.7144276748445,0.19714551615266362
2865.369435492215,0.8684142047507171,2492.7295955939644,0.4336599126322396,2555.469592446341,0.22535817320563725,3145.0481951991615,0.20323303145683638
2891.1835745507033,0.8726084372206616,2515.186618977694,0.44303286369395234,2578.4918410269383,0.23166393672383215,3173.3819627234784,0.20939977512334712
2916.9977136091916,0.8766980092871945,2537.643642361423,0.45239536442690587,2601.5140896075363,0.23803646111362164,3201.715730247795,0.21563712550910064
2942.8118526676803,0.8806841884638517,2560.1006657451526,0.46172820068196935,2624.536338188134,0.24445721510232973,3230.049497772112,0.22194599015547534
2968.6259917261686,0.8845611804030394,2582.557689128882,0.47101980783019903,2647.5585867687314,0.2509340156274534,3258.3832652964284,0.22833184456212116
2994.440130784657,0.8883026691094362,2605.0147125126114,0.4802609703079051,2670.580835349329,0.2574672248637027,3286.7170328207453,0.2348013742838593
3020.2542698431453,0.8918917242236667,2627.4717358963408,0.4894459660330581,2693.603083929927,0.26404652083183494,3315.0508003450623,0.24135932878723693
3046.068408901634,0.8953335365154501,2649.92875928007,0.4985632303767141,2716.6253325105245,0.27066897595294187,3343.3845678693788,0.24800900547259574
3071.8825479601223,0.8986281059847866,2672.3857826637995,0.5076071918379494,2739.647581091122,0.2773165116727356,3371.7183353936957,0.2547402398764972
3097.6966870186106,0.9017856934555399,2694.842806047529,0.5165757723975011,2762.66982967172,0.2840016230187206,3400.052102918012,0.26153379212171823
3123.510826077099,0.9047915112697887,2717.2998294312583,0.5254652978763813,2785.6920782523175,0.29071824356449977,3428.385870442329,0.2683688190079341
3149.3249651355877,0.9076253093898486,2739.7568528149877,0.5342701064250032,2808.714326832915,0.29745098088488636,3456.7196379666457,0.2752406013199768
3175.139104194076,0.9102961414838346,2762.213876198717,0.5429787839955288,2831.7365754135126,0.30420336618330546,3485.0534054909626,0.2821434820499208
3200.9532432525643,0.9128100433304907,2784.6708995824465,0.5515959082535818,2854.7588239941106,0.31097407148581946,3513.3871730152796,0.28908466102603503
3226.7673823110526,0.9151911580447902,2807.127922966176,0.5601260568647859,2877.781072574708,0.31776360987326796,3541.720940539596,0.29606731464314406
3252.5815213695414,0.9174606108523354,2829.5849463499053,0.5685542620672004,2900.8033211553056,0.3245728566012007,3570.054708063913,0.303090595862628
3278.3956604280297,0.9196153838637547,2852.0419697336347,0.5768813369987982,2923.8255697359036,0.33140000079606635,3598.3884755882295,0.3101555029800031
3304.209799486518,0.9216645307471633,2874.498993117364,0.5851097511897182,2946.847818316501,0.3382459780758664,3626.7222431125465,0.317253716865967
3330.0239385450063,0.9236201230600481,2896.9560165010935,0.5932313732602342,2969.8700668970987,0.3450902048445669,3655.0560106368634,0.3243743470239785
3355.838077603495,0.9254972502492679,2919.413039884823,0.6012511723868458,2992.8923154776967,0.35192951207345263,3683.38977816118,0.3315052323995663
3381.6522166619834,0.927323073319168,2941.8700632685523,0.6091615893980293,3015.914564058294,0.35876054964645376,3711.723545685497,0.3386298557396428
3407.4663557204717,0.9291096638272356,2964.3270866522817,0.6169572937226313,3038.9368126388918,0.36558189904595495,3740.0573132098134,0.3457431650638682
3433.28049477896,0.9308600396628423,2986.784110036011,0.6246419294234179,3061.9590612194893,0.3723967293006711,3768.3910807341304,0.3528516039160292
3459.094633837449,0.9325711829366164,3009.2411334197404,0.6322080577937506,3084.9813098000873,0.37920700219028297,3796.7248482584473,0.35995526305026376
3484.908772895937,0.9342461115379298,3031.69815680347,0.639669381714279,3108.003558380685,0.3860123253588543,3825.058615782764,0.3670482131962327
3510.7229119544254,0.9358938791348976,3054.155180187199,0.6470426759202162,3131.0258069612823,0.3928224473423369,3853.3923833070808,0.37412016888498034
3536.5370510129137,0.9375235393956349,3076.6122035709286,0.6543042389454714,3154.0480555418803,0.39963881683957186,3881.7261508313973,0.38116175218892956
3562.3511900714025,0.9391290565413983,3099.0692269546585,0.6614432590666307,3177.070304122478,0.40646242983101233,3910.059918355714,0.38816570277705265
3588.165329129891,0.9407104305721878,3121.526250338388,0.6684587123321734,3200.0925527030754,0.4132932561354324,3938.393685880031,0.39512554685418355
3613.979468188379,0.9422676614880036,3143.9832737221172,0.6753566521025618,3223.114801283673,0.4201448471232418,3966.7274534043477,0.40204010461653017
3639.7936072468674,0.9437977313994735,3166.4402971058466,0.6821499681204733,3246.137049864271,0.4270270116928438,3995.0612209286646,0.4089126432130549
3665.607746305356,0.9453036581959696,3188.897320489576,0.6888354379502387,3269.1592984448685,0.43394198325495176,4023.394988452981,0.415751028002371
3691.4218853638445,0.9467794060987486,3211.3543438733054,0.6954105619454976,3292.181547025466,0.44088568734407513,4051.728755977298,0.4225637898734358
3717.236024422333,0.9482279929971816,3233.811367257035,0.7018674797725146,3315.203795606064,0.4478512728219445,4080.062523501615,0.4293607907758949
3743.050163480821,0.9496494188912692,3256.268390640764,0.7081964036593974,3338.2260441866615,0.4548322809062264,4108.3962910259315,0.4361478389745705
3768.86430253931,0.9510436837810111,3278.7254140244936,0.7144051638236596,3361.248292767259,0.4618241542318168,4136.730058550248,0.44290959702016686
3794.678441597798,0.9524107876664074,3301.182437408223,0.7204913208513837,3384.2705413478566,0.46882520265006755,4165.063826074565,0.4496489387937157
3820.4925806562865,0.9537537484368298,3323.6394607919524,0.7264578562484691,3407.2927899284546,0.47582401765760485,4193.397593598882,0.4563609333203941
3846.3067197147748,0.95507558398165,3346.096484175682,0.7323229300963046,3430.315038509052,0.4828310721398009,4221.731361123198,0.463043190741239
3872.1208587732635,0.9563793121902397,3368.553507559411,0.7380783507827214,3453.3372870896496,0.48984588319704214,4250.065128647516,0.4696958018103881
3897.934997831752,0.9576619151732276,3391.0105309431406,0.7437211970342622,3476.3595356702476,0.4968692657224267,4278.398896171832,0.476314743094397
3923.74913689024,0.9589203750412414,3413.46755432687,0.7492551129136933,3499.381784250845,0.5039004651853081,4306.732663696149,0.4828915442070669
3949.5632759487285,0.960157709683653,3435.9245777105994,0.7546732319225794,3522.4040328314427,0.5109371576312952,4335.066431220465,0.4894332537197704
3975.377415007217,0.9613739191004627,3458.3816010943287,0.7599808243996317,3545.42628141204,0.5179635582792654,4363.400198744783,0.49594093043078236
4001.1915540657055,0.9625780569597853,3480.838624478058,0.7651705118706542,3568.448529992638,0.5249711862047528,4391.733966269099,0.5024138180556208
4027.005693124194,0.963758051704134,3503.2956478617875,0.7702379274835718,3591.4707785732357,0.531958049446851,4420.067733793416,0.5088534291632497
4052.819832182682,0.9649048496653936,3525.752671245517,0.7751850287927632,3614.4930271538333,0.5389149729128996,4448.401501317733,0.5152598545078068
4078.633971241171,0.9660154329541922,3548.2096946292463,0.7800022990723263,3637.5152757344313,0.5458497131779435,4476.73526884205,0.5216243816920593
4104.448110299659,0.9670837657917868,3570.6667180129757,0.7846937738959031,3660.537524315029,0.5527760328809735,4505.069036366366,0.5279418982329085
4130.2622493581475,0.9681158839569205,3593.123741396705,0.7892599351230332,3683.5597728956263,0.5596490827203668,4533.402803890684,0.5342169418372466
4156.076388416636,0.9691178232283367,3615.5807647804345,0.793690181843851,3706.582021476224,0.5664693757769631,4561.736571415,0.5404477579250753
4181.890527475124,0.970086565716664,3638.037788164164,0.797988459283335,3729.604270056822,0.5732326263166905,4590.070338939317,0.5466375531425984
4207.704666533613,0.971022111421902,3660.4948115478933,0.8021509727976128,3752.6265186374194,0.5799440255103966,4618.404106463633,0.5527926802794652
4233.518805592102,0.971924460344051,3682.9518349316227,0.8061863356259499,3775.648767218017,0.5865988047243959,4646.7378739879505,0.55891084023085
4259.3329446505895,0.9727905945937391,3705.408858315352,0.8101051185619906,3798.671015798615,0.5932487851234839,4675.071641512267,0.565005041089844
4285.147083709078,0.9736235320603381,3727.8658816990815,0.813897533833842,3821.6932643792125,0.5998530711466252,4703.4054090365835,0.5710652393985256
4310.961222767566,0.9744202548544764,3750.322905082811,0.8175708695670367,3844.71551295981,0.6063990772226378,4731.739176560901,0.5770730120669126
4336.775361826055,0.9751837808655255,3772.7799284665402,0.8211347629523612,3867.7377615404075,0.6129024975889668,4760.072944085217,0.5830150787395005
4362.589500884544,0.9759141100934855,3795.23695185027,0.8245889429438245,3890.7600101210055,0.6193788152144766,4788.406711609534,0.5888895033280152
4388.4036399430315,0.9766112425383565,3817.6939752339995,0.8279398845289863,3913.782258701603,0.6257847200400634,4816.740479133851,0.5946930489348736
4414.21777900152,0.9772781960895102,3840.150998617729,0.831182708880011,3936.8045072822006,0.6321203026094044,4845.074246658168,0.6004292852228309
4440.031918060009,0.9779149707469464,3862.6080220014583,0.8343297937638151,3959.8267558627986,0.6383826957060436,4873.408014182484,0.6060953080594761
4465.846057118497,0.9785245844000372,3885.0650453851877,0.837392583344458,3982.849004443396,0.6445843943574855,4901.741781706801,0.6116936585606689
4491.660196176986,0.9791040191594105,3907.522068768917,0.8403680659998185,4005.8712530239936,0.650734392569035,4930.075549231118,0.6172150495529698
4517.4743352354735,0.9796502571356946,3929.9790921526464,0.8432592232357963,4028.8935016045916,0.6568454871804555,4958.409316755435,0.6226480157636313
4543.288474293962,0.9801632983288897,3952.436115536376,0.8460720782966329,4051.915750185189,0.6628933521237069,4986.743084279751,0.6279821809695597
4569.102613352451,0.9806491785177391,3974.8931389201052,0.8488036195602078,4074.9379987657867,0.668890754057326,5015.076851804069,0.6332145805355855
4594.916752410939,0.9811048798128714,3997.3501623038346,0.8514568586486416,4097.960247346385,0.6748103487906872,5043.410619328385,0.6383484211079126
4620.730891469428,0.981530402214286,4019.807185687564,0.8540317955619344,4120.982495926982,0.6806448626483591,5071.744386852702,0.6433896319568801
4646.545030527916,0.9819287636113552,4042.2642090712934,0.8565314419222068,4144.00474450758,0.6863872634047169,5100.078154377018,0.6483461994466182
4672.359169586404,0.9822999640040787,4064.721232455023,0.8589618209737006,4167.026993088178,0.6920302170218775,5128.4119219013355,0.653226503209188
4698.173308644893,0.9826470212818282,4087.178255838752,0.8613259443385366,4190.049241668775,0.6975905042614173,5156.745689425652,0.6580340826559652
4723.987447703381,0.9829759712233473,4109.635279222482,0.8636298352609563,4213.071490249373,0.7030745235432176,5185.0794569499685,0.6627665781793661
4749.80158676187,0.9832868138286361,4132.092302606211,0.8658795169852015,4236.093738829971,0.7084833613914097,5213.413224474286,0.6674186050338785
4775.615725820358,0.9835834723538779,4154.54932598994,0.8680810127555139,4259.115987410568,0.7138242009377469,5241.746991998602,0.6719913430232944
4801.429864878846,0.9838665503769467,4177.00634937367,0.8702463690603764,4282.138235991166,0.7190692754544417,5270.080759522919,0.6764942608293288
4827.244003937335,0.9841378586314656,4199.463372757399,0.87237859752191,4305.160484571763,0.7242214219767242,5298.414527047236,0.6809389749816258
4853.058142995824,0.9843967935395607,4221.920396141129,0.8744807097622357,4328.182733152361,0.7292761133207163,5326.748294571553,0.6853361642170719
4878.872282054312,0.9846430533122944,4244.377419524858,0.876555717403474,4351.204981732959,0.7342329873117074,5355.082062095869,0.6896874621101481
4904.6864211128,0.9848799576279755,4266.834442908587,0.8786036204456248,4374.227230313556,0.7391030299159095,5383.415829620186,0.6939889662329269
4930.500560171288,0.9851126368985365,4289.291466292317,0.8806244188886885,4397.249478894154,0.74390359533819,5411.749597144503,0.6982315709202451
4956.314699229777,0.985339582179291,4311.748489676046,0.8826211243547856,4420.271727474752,0.7485868161543402,5440.08336466882,0.7024071082996964
4982.128838288266,0.985558680947679,4334.2055130597755,0.8845937368439163,4443.293976055349,0.7531708916435521,5468.417132193136,0.7065188757716225
5007.942977346754,0.9857732528820093,4356.662536443505,0.8865422563560805,4466.316224635947,0.7576537694824671,5496.750899717454,0.710567478363609
5033.757116405242,0.9859820908265333,4379.119559827234,0.8884636712691575,4489.338473216545,0.7620485181418812,5525.08466724177,0.7145611444508205
5059.571255463731,0.9861836858365653,4401.576583210964,0.890357981583147,4512.360721797142,0.7663504897130126,5553.418434766087,0.7185070133587675
5085.385394522219,0.9863867897912831,4424.033606594693,0.8922281989201701,4535.38297037774,0.7705573300602443,5581.752202290404,0.722421753597434
5111.199533580708,0.9865923080574984,4446.4906299784225,0.8940713116581059,4558.405218958338,0.7746478821442508,5610.085969814721,0.7263061819540605
5137.013672639196,0.9867926959117816,4468.947653362152,0.8958843081748338,4581.427467538935,0.7786357576978937,5638.419737339037,0.7301508599983112
5162.827811697684,0.9869897640877561,4491.404676745881,0.8976702000924742,4604.449716119533,0.782536469871263,5666.753504863354,0.7339445342170935
5188.641950756173,0.9871877376305419,4513.861700129611,0.8994259757889067,4627.471964700131,0.7863503808390694,5695.087272387671,0.7376809728262754
5214.456089814661,0.987382693283956,4536.31872351334,0.901151635264131,4650.494213280728,0.7900755891840833,5723.4210399119875,0.7413572716934459
5240.27022887315,0.9875682934803177,4558.775746897069,0.902847178518147,4673.516461861326,0.7937126079871446,5751.754807436304,0.7449691653741265
5266.084367931639,0.9877448400085644,4581.232770280799,0.9045065823067135,4696.538710441923,0.7972617994229635,5780.088574960621,0.7485102405759092
5291.898506990126,0.9879168597027532,4603.689793664528,0.9061328582519511,4719.560959022521,0.800722318417216,5808.422342484938,0.7519737209898352
5317.712646048615,0.9880822400403245,4626.146817048258,0.9077199831096181,4742.583207603119,0.8040924446400284,5836.756110009254,0.7553576705276304
5343.526785107103,0.9882406792323405,4648.603840431987,0.9092709685018353,4765.605456183716,0.8073707293925595,5865.089877533572,0.7586657193548086
5369.340924165592,0.9883951951681735,4671.060863815716,0.9107888260507236,4788.627704764314,0.81056037188475,5893.423645057888,0.7619017093965386
5395.155063224081,0.9885448824810116,4693.517887199446,0.9122705441341622,4811.649953344912,0.8136694908663556,5921.757412582205,0.7650700573541953
5420.969202282568,0.988681291080614,4715.974910583175,0.913719134374272,4834.672201925509,0.8167063861744865,5950.091180106521,0.7681724875563979
5446.783341341057,0.9888023084444205,4738.431933966905,0.9151376083931734,4857.694450506107,0.8196792369213501,5978.424947630839,0.7712166838534839
5472.597480399546,0.9889088399392428,4760.888957350634,0.9165259661908669,4880.716699086705,0.8225977614616721,6006.758715155155,0.7742024949885568
5498.411619458034,0.9890020927208296,4783.345980734363,0.917887219389473,4903.738947667302,0.8254679960406235,6035.092482679472,0.7771368787788513
5524.225758516523,0.9890838775228036,4805.803004118094,0.9192183563668712,4926.7611962479,0.8282899406582046,6063.426250203789,0.7800168100864393
5550.03989757501,0.9891544961341023,4828.260027501823,0.9205223887451821,4949.783444828498,0.8310696315595867,6091.760017728106,0.7828483391871771
5575.854036633499,0.9892163628662228,4850.717050885552,0.9217963049022849,4972.8056934090955,0.8338100868673554,6120.093785252422,0.7856254158052084
5601.668175691988,0.9892703830859768,4873.174074269282,0.9230401048381796,4995.8279419896935,0.8365113065815106,6148.427552776739,0.7883419896646771
5627.482314750476,0.9893168585823016,4895.631097653011,0.9242568001749868,5018.850190570291,0.8391732907020524,6176.761320301056,0.7909920104897266
5653.2964538089645,0.9893585054556316,4918.088121036741,0.9254494025348277,5041.872439150889,0.8417960392289806,6205.0950878253725,0.793575478280357
5679.110592867453,0.9893947201280924,4940.54514442047,0.9266149002955811,5064.894687731487,0.8443765340397099,6233.428855349689,0.7960893678986403
5704.924731925941,0.9894264079664956,4963.002167804199,0.9277593167014891,5087.916936312084,0.8469147751342402,6261.762622874006,0.7985427547583608
5730.73887098443,0.9894554702411453,4985.459191187929,0.9288796401304305,5110.939184892682,0.8494107625125713,6290.096390398323,0.8009447142733029
5756.553010042918,0.9894811223008052,5007.916214571658,0.929981893826647,5133.96143347328,0.8518705324198745,6318.430157922639,0.8033103721331074
5782.3671491014065,0.9895031528932187,5030.373237955388,0.9310690894122595,5156.983682053877,0.8543001211013214,6346.763925446957,0.8056488037515586
5808.181288159895,0.9895205962937873,5052.830261339117,0.9321382152651472,5180.005930634475,0.856705564802083,6375.097692971273,0.8079660594045128
5833.995427218383,0.9895336335758732,5075.287284722846,0.9331892713853098,5203.028179215073,0.8590868635221595,6403.43146049559,0.8102681893678264
5859.809566276872,0.9895454033444231,5097.744308106576,0.9342222577727477,5226.05042779567,0.8614379810163795,6431.765228019906,0.8125521685035711
5885.623705335361,0.9895574145441226,5120.201331490305,0.9352431976717024,5249.072676376268,0.8637528810395717,6460.098995544224,0.8148210219496752
5911.4378443938485,0.9895693653860348,5142.658354874035,0.9362520910821738,5272.094924956866,0.8660285454691506,6488.43276306854,0.8170686994302823
5937.251983452337,0.9895813464068405,5165.115378257764,0.9372519496262827,5295.117173537463,0.8682649743051158,6516.766530592857,0.8192952009453924
5963.066122510825,0.9895932972487526,5187.572401641493,0.9382457849261502,5318.139422118061,0.8704712219152247,6545.100298117174,0.8214975013570773
5988.880261569314,0.9896052480906645,5210.029425025223,0.9392335969817759,5341.161670698658,0.872656342667234,6573.434065641491,0.8236816509411935
6014.694400627803,0.9896171989325767,5232.486448408952,0.9402183974152809,5364.183919279256,0.8748263728063151,6601.767833165807,0.8258446245598127
6040.5085396862905,0.9896291497744887,5254.9434717926815,0.9412031978487858,5387.206167859854,0.8769782942098824,6630.1016006901245,0.827989447350863
6066.322678744779,0.9896411006164009,5277.400495176411,0.9421910099044115,5410.228416440451,0.8791030525101787,6658.435368214441,0.8301191444522726
6092.136817803268,0.9896530514583128,5299.85751856014,0.943184845204279,5433.250665021049,0.881194611462033,6686.7691357387575,0.8322306907261134
6117.950956861756,0.9896650023002249,5322.31454194387,0.9441816921262672,5456.272913601647,0.8832499529428596,6715.102903263074,0.8343271113103136
6143.765095920245,0.989676953142137,5344.771565327599,0.9451725158040137,5479.295162182244,0.8852630407074868,6743.436670787391,0.8363993307910886
6169.5792349787325,0.989688903984049,5367.2285887113285,0.9461573162375188,5502.317410762842,0.8872399110010865,6771.770438311708,0.8384624748580792
6195.393374037221,0.9897008548259612,5389.685612095058,0.9471391050489029,5525.33965934344,0.8891805638236583,6800.104205836024,0.8405225937871417
6221.20751309571,0.9897128056678731,5412.142635478787,0.9481118589939246,5548.361907924037,0.8910880172977881,6828.437973360342,0.8425857378541323
6247.021652154198,0.9897247565097853,5434.599658862517,0.9490695548283422,5571.384156504635,0.8929652895460612,6856.771740884658,0.8446488819211229
6272.835791212687,0.9897367073516973,5457.056682246246,0.9500152041742767,5594.406405085233,0.8948033262007211,6885.105508408975,0.8467180762639697
6298.649930271175,0.9897486581936094,5479.513705629975,0.9509548302759694,5617.42865366583,0.8966292903650382,6913.439275933291,0.8487902957447447
6324.464069329663,0.9897606392144151,5501.970729013705,0.9518914447555412,5640.450902246428,0.898416018935742,6941.773043457609,0.8508746157772323
6350.278208388152,0.9897725900563272,5524.427752397434,0.9528220359908717,5663.473150827025,0.900166530035418,6970.106810981925,0.8529710363614325
6376.09234744664,0.9897845710771329,5546.884775781164,0.9537405807377187,5686.495399407623,0.9018747874188949,6998.440578506242,0.8550704820835607
6401.906486505129,0.9897964917401513,5569.341799164893,0.9546470789960826,5709.517647988221,0.9035377729635872,7026.774346030559,0.857169927805689
6427.720625563617,0.9898089254443628,5591.798822548622,0.9555415307659632,5732.539896568818,0.9051645410372516,7055.108113554876,0.8592663483898891
6453.534764622105,0.9898242865012651,5614.255845932352,0.9564269476694814,5755.562145149416,0.9067520735173026,7083.441881079192,0.8613657941120174
6479.348903680594,0.9898438726032877,5636.712869316081,0.9573033297066371,5778.584393730014,0.9083154610166683,7111.77564860351,0.8634682649720737
6505.163042739083,0.9898679251815803,5659.169892699811,0.9581646536331889,5801.606642310611,0.909836594799835,7140.109416127826,0.8655707358321301
6530.977181797571,0.9898958708371626,5681.62691608354,0.9590109194491365,5824.628890891209,0.911312456744217,7168.443183652143,0.8676701815542583
6556.791320856059,0.989926351519817,5704.083939467269,0.9598391155323592,5847.651139471807,0.9127611555853282,7196.776951176459,0.8697605518626023
6582.605459914547,0.9899622644033408,5726.540962850999,0.9606492418828572,5870.673388052404,0.9141826913231687,7225.1107187007765,0.8718327713433773
6608.419598973036,0.9900033076987965,5748.997986234728,0.9614412985006303,5893.695636633002,0.9155589552222242,7253.444486225093,0.8738868399965835
6634.233738031525,0.9900464635168122,5771.455009618458,0.9622122737635577,5916.7178852136,0.9168869291599094,7281.7782537494095,0.8759197326842927
6660.047877090013,0.9900944479578229,5793.912033002187,0.9629651792937604,5939.740133794197,0.9181635950136386,7310.112021273727,0.8779284242685768
6685.862016148501,0.9901469592328911,5816.369056385916,0.9637000150912379,5962.762382374795,0.9193949890285832,7338.445788798043,0.879918965025292
6711.67615520699,0.9902006776637081,5838.826079769646,0.9644137695338699,5985.784630955393,0.9205750749595716,7366.77955632236,0.8818853046785822
6737.490294265478,0.990254396094525,5861.283103153375,0.9651064426216562,6008.80687953599,0.9217340340324605,7395.113323846677,0.8838395437801598
6763.304433323967,0.990308114525342,5883.7401265371045,0.965778034354597,6031.829128116588,0.9228477212665646,7423.447091370994,0.8857816823300247
6789.118572382455,0.9903618329561589,5906.197149920834,0.9664225214884503,6054.8513766971855,0.9239101004167127,7451.78085889531,0.8877117203281771
6814.932711440943,0.9904155513869759,5928.654173304563,0.9670429156453373,6077.8736252777835,0.9249362620958332,7480.114626419627,0.8896266326366888
6840.746850499432,0.9904692698177928,5951.111196688293,0.967633193581016,6100.8958738583815,0.925926206303926,7508.448393943944,0.8915264192555599
6866.56098955792,0.9905232900375469,5973.568220072022,0.9681993785397283,6123.918122438979,0.9268920055313333,7536.782161468261,0.8934020047710058
6892.375128616409,0.9905821388802958,5996.0252434557515,0.9687414705214741,6146.940371019577,0.9278336597780554,7565.115928992577,0.8952533891830268
6918.189267674898,0.9906518521247829,6018.482266839481,0.9692624811483743,6169.962619600175,0.928748150921507,7593.449696516895,0.8970805724916225
6944.003406733385,0.9907291100926995,6040.93929022321,0.9697684336646705,6192.984868180772,0.9296384970842732,7621.783464041211,0.8988835546967932
6969.817545791874,0.9908108948946734,6063.39631360694,0.9702533048261209,6216.00711676137,0.9305046982663543,7650.117231565528,0.9006623357985387
6995.631684850362,0.990900526209014,6085.853336990669,0.9707170946327257,6239.029365341968,0.9313588269580927,7678.450999089845,0.9024229660727153
7021.445823908851,0.9909974004578467,6108.310360374398,0.9711567914623639,6262.051613922565,0.9322039012820742,7706.7847666141615,0.9041684706572513
7047.25996296734,0.9910981979628627,6130.767383758128,0.9715723953150358,6285.073862503163,0.9330399212382988,7735.118534138478,0.9059079249659311
7073.074102025827,0.9912002026236274,6153.224407141857,0.9719669178128619,6308.096111083761,0.9338699049493521,7763.4523016627945,0.9076383038608263
7098.888241084316,0.9913013019175805,6175.681430525587,0.9723403589558424,6331.118359664358,0.9346938524152341,7791.786069187112,0.909353557066081
7124.702380142805,0.9914002886889735,6198.138453909317,0.9726957303660979,6354.140608244956,0.9355057273907735,7820.119836711428,0.9110536845816951
7150.516519201293,0.9914941450484345,6220.595477293046,0.9730330320436287,6377.162856825553,0.9363025117533847,7848.453604235745,0.912732636131812
7176.330658259782,0.9915843799406493,6243.052500676776,0.9733522639884346,6400.185105406151,0.9370872236256533,7876.787371760062,0.9143783111647193
7202.144797318269,0.9916703897877438,6265.509524060505,0.9736594494447571,6423.207353986749,0.9378598630075794,7905.121139284379,0.915984659404561
7227.958936376758,0.9917509674339693,6287.9665474442345,0.9739554918992327,6446.229602567346,0.9386234480217485,7933.454906808695,0.917554705989265
7253.773075435247,0.9918264146682626,6310.423570827964,0.9742418971629219,6469.251851147944,0.9393779786681604,7961.788674333012,0.9190854257809032
7279.587214493735,0.9918949207570011,6332.880594211693,0.9745222791823692,6492.274099728542,0.9401264730694011,7990.122441857329,0.9205768187794755
7305.401353552224,0.9919576928559334,6355.337617595423,0.9747975414442113,6515.296348309139,0.9408689312254706,8018.456209381646,0.9220349352608385
7331.215492610712,0.9920213703216769,6377.794640979152,0.9750670816240239,6538.318596889737,0.9416053531363686,8046.789976905962,0.923468850638776
7357.0296316692,0.9920928942997871,6400.2516643628815,0.9753299962351705,6561.340845470335,0.9423417750472667,8075.12374443028,0.9248936906029294
7382.843770727689,0.9921704540566406,6422.708687746611,0.9755820690066822,6584.363094050932,0.9430781969581649,8103.457511954596,0.9263064300153702
7408.657909786177,0.9922522388586148,6445.16571113034,0.9758245045874075,6607.38534263153,0.9438146188690629,8131.791279478913,0.927676817496817
7434.472048844666,0.9923397576503952,6467.62273451407,0.9760609169238911,6630.407591212128,0.9445540589025467,8160.12504700323,0.9290139284610544
7460.286187903154,0.9924311996983589,6490.079757897799,0.9762931129894057,6653.429839792725,0.9452934989360304,8188.458814527547,0.930314737770154
7486.100326961642,0.9925253578467569,6512.536781281528,0.9765228997572233,6676.452088373323,0.9460450114598568,8216.792582051863,0.9315762202861879
7511.914466020131,0.9926234392513383,6534.993804665258,0.9767559993093741,6699.47433695392,0.9467935058610975,8245.12634957618,0.932801401147084
7537.72860507862,0.9927257457010401,6557.450828048987,0.976993616294706,6722.496585534518,0.9475359640171669,8273.460117100496,0.9339902803528426
7563.542744137108,0.9928280521507419,6579.907851432717,0.9772324379288863,6745.518834115116,0.948272385928065,8301.793884624814,0.935154958455176
7589.356883195596,0.9929276425000092,6602.364874816446,0.9774712595630665,6768.541082695713,0.9489997534712061,8330.12765214913,0.9363045108678688
7615.171022254084,0.9930236113820303,6624.821898200175,0.9777103823594588,6791.563331276311,0.949721084769176,8358.461419673447,0.9374419627288489
7640.985161312573,0.9931156570078684,6647.278921583905,0.9779483005070028,6814.585579856909,0.950433361699389,8386.795187197764,0.9385673140381164
7666.799300371062,0.9932013650660257,6669.735944967634,0.9781789907614568,6837.607828437506,0.9511426205070163,8415.12895472208,0.9396866150715278
7692.6134394295495,0.9932768123003192,6692.192968351364,0.9784021519606088,6860.630077018104,0.9518488611920579,8443.462722246397,0.940802890967011
7718.427578488038,0.9933441112333088,6714.649991735093,0.9786232050242764,6883.652325598702,0.9525551018770996,8471.796489770713,0.9419070663107817
7744.241717546527,0.9934047708096807,6737.107015118822,0.9788439569257318,6906.674574179299,0.9532613425621412,8500.130257295032,0.9429961159649116
7770.055856605015,0.9934596963962463,6759.564038502552,0.9790650099893994,6929.696822759897,0.9539675832471829,8528.464024819348,0.9440670147914727
7795.869995663504,0.9935134148270632,6782.021061886281,0.9792854607286426,6952.719071340495,0.9546738239322246,8556.797792343665,0.9451137125146086
7821.6841347219915,0.9935674350468173,6804.4780852700105,0.9795038033324014,6975.741319921092,0.9553800646172661,8585.131559867981,0.9461362091343196
7847.49827378048,0.993620851688697,6826.93510865374,0.9797185319896152,6998.76356850169,0.9560863053023078,8613.465327392298,0.9471345046506053
7873.312412838969,0.9936718540190793,6849.392132037469,0.9799320559979806,7021.785817082288,0.9567925459873494,8641.799094916614,0.9481116242013942
7899.126551897457,0.9937204420379643,6871.849155421199,0.980149193952891,7044.808065662885,0.9574987866723911,8670.13286244093,0.9490705929246142
7924.940690955946,0.993765106800666,6894.306178804928,0.9803744632875276,7067.830314243483,0.9582050273574327,8698.466629965249,0.9500144359581933
7950.754830014434,0.9938025286288755,6916.7632021886575,0.9806054547041938,7090.85256282408,0.9589112680424744,8726.800397489566,0.95094617844006
7976.568969072922,0.9938317719768877,6939.220225572387,0.9808397589051928,7113.874811404678,0.959617508727516,8755.134165013882,0.9518597700943578
8002.383108131411,0.9938541647160258,6961.677248956116,0.9810788817015851,7136.897059985276,0.9603237494125577,8783.467932538199,0.9527491606452306
8028.197247189899,0.9938708536442515,6984.134272339846,0.9813249312288553,7159.9193085658735,0.9610299900975994,8811.801700062515,0.9536052746788938
8054.011386248388,0.9938834684218255,7006.591295723575,0.9815785098114277,7182.9415571464715,0.9617332126600553,8840.135467586832,0.9544250870574195
8079.825525306876,0.9938965057039113,7029.048319107304,0.9818354011783329,7205.9638057270695,0.9624334170999257,8868.469235111148,0.9552085977808075
8105.639664365364,0.9939134360632869,7051.505342491034,0.9820919913830259,7228.986054307667,0.9631306034172104,8896.803002635466,0.955964882262842
8131.453803423853,0.9939315433995173,7073.962365874763,0.9823491839121431,7252.008302888265,0.9638217534893239,8925.136770159783,0.9567030159173079
8157.267942482342,0.993949620556854,7096.419389258493,0.9826039671435635,7275.0305514688625,0.9645068673162659,8953.4705376841,0.9574350992959174
8183.08208154083,0.9939662491272923,7118.876412642222,0.9828521248063182,7298.05280004946,0.9651859448980368,8981.804305208416,0.9581671826745269
8208.896220599318,0.9939773549601801,7141.333436025951,0.9830969696847401,7321.075048630058,0.9658620043572219,9010.138072732732,0.9588992660531365
8234.710359657807,0.9939821534042812,7163.790459409681,0.9833412122387378,7344.097297210656,0.9665320275712359,9038.471840257049,0.959631349431746
8260.524498716295,0.9939828716619518,7186.24748279341,0.9835821420084025,7367.119545791253,0.9671929964174928,9066.805607781367,0.9603604076724274
8286.338637774783,0.9939867345603476,7208.70450617714,0.9838170485338258,7390.141794371851,0.9678388746508215,9095.139375305684,0.9610773653613962
8312.152776833273,0.993994490536033,7231.161529560869,0.9840495457615523,7413.164042952448,0.9684636260260507,9123.47314283,0.96177012194694
8337.96691589176,0.9940056869056021,7253.618552944598,0.984282645313703,7436.186291533046,0.9690642324205948,9151.806910354317,0.9624780042221245
8363.781054950248,0.9940173057796832,7276.075576328328,0.9845124320815207,7459.208540113644,0.9696406938344536,9180.140677878633,0.9631647105318119
8389.595194008738,0.9940293471582765,7298.532599712057,0.9847328828207641,7482.230788694241,0.970196028390213,9208.47444540295,0.9638483917035713
8415.409333067226,0.9940412980001885,7320.989623095787,0.9849439975314328,7505.253037274839,0.9707302360878727,9236.808212927266,0.9645018214960493
8441.223472125714,0.9940532790209943,7343.446646479516,0.9851527029444049,7528.275285855437,0.9712402988048472,9265.141980451584,0.9651431507368148
8467.037611184203,0.9940652298629064,7365.903669863245,0.9853617095195892,7551.297534436034,0.9717382890314791,9293.475747975901,0.9657935553913646
8492.851750242691,0.9940771807048184,7388.360693246975,0.9855707160947734,7574.319783016632,0.9722091161548402,9321.809515500217,0.9664681611493395
8518.665889301179,0.9940893126200929,7410.817716630704,0.9857797226699577,7597.34203159723,0.9726588164201018,9350.143283024534,0.9671457920452425
8544.480028359667,0.9941034967001401,7433.2747400144335,0.9859866211096573,7620.364280177827,0.9730843717046782,9378.47705054885,0.9678234229411457
8570.294167418157,0.9941207892062403,7455.731763398163,0.9861865928184791,7643.386528758425,0.9734827638859838,9406.810818073167,0.9685071041129051
8596.108306476644,0.9941388965424707,7478.188786781892,0.986383854067392,7666.408777339023,0.9738570110866042,9435.144585597483,0.9691907852846645
8621.922445535132,0.9941567624475514,7500.645810165622,0.9865844281006381,7689.43102591962,0.9741980589387825,9463.478353121802,0.9698714413184958
8647.736584593622,0.9941752017516127,7523.102833549351,0.9867834963228237,7712.453274500218,0.9745179799328612,9491.812120646118,0.9705430219385425
8673.55072365211,0.9941963269772148,7545.5598569330805,0.9869801552473125,7735.475523080815,0.9748104360114104,9520.145888170435,0.971208552282733
8699.364862710598,0.9942199268721018,7568.016880316811,0.9871747060363169,7758.497771661413,0.9750814634196017,9548.479655694751,0.9718650072131392
8725.179001769087,0.994244462312694,7590.47390370054,0.9873602219589588,7781.520020242011,0.9753352875290546,9576.813423219068,0.9725002861780483
8750.993140827575,0.9942713517069961,7612.93092708427,0.9875333902309054,7804.542268822608,0.9755740210255793,9605.147190743384,0.9731174143153886
8776.807279886063,0.9943009572017328,7635.387950467999,0.9876930062033084,7827.564517403206,0.9758000784072444,9633.480958267703,0.9737133664872318
8802.621418944553,0.9943338521958848,7657.844973851728,0.9878405756872279,7850.586765983804,0.9760164777966355,9661.814725792019,0.9742881426935782
8828.43555800304,0.9943764044360263,7680.301997235458,0.9879839289001786,7873.609014564401,0.9762250300673038,9690.148493316336,0.9748417429344276
8854.249697061528,0.9944334425451521,7702.759020619187,0.988126980950917,7896.631263144999,0.9764242261579565,9718.482260840652,0.9753802174856363
8880.063836120018,0.9944998361113303,7725.2160440029165,0.988267924866171,7919.653511725597,0.976613160631818,9746.816028364969,0.9758975160713479
8905.877975178506,0.9945719636673148,7747.673067386646,0.9884061583215162,7942.675760306194,0.9767909280521128,9775.149795889285,0.9764238900708442
8931.692114236994,0.9946477126905453,7770.130090770375,0.988543187128013,7965.698008886792,0.9769599429169091,9803.483563413602,0.9769472389324121
8957.506253295482,0.9947267813920848,7792.587114154105,0.9886808182589341,7988.72025746739,0.9771241287855683,9831.81733093792,0.9774645375181238
8983.320392353971,0.9948100751387448,7815.044137537834,0.9888172447410067,8011.742506047987,0.9772865037806763,9860.151098462236,0.9779788109659074
9009.13453141246,0.9948972921415878,7837.5011609215635,0.9889506596009586,8034.764754628585,0.977448275151267,9888.484865986553,0.9784991346895473
9034.948670470947,0.9949866216669913,7859.958184305293,0.9890816651632137,8057.787003209183,0.977611253770892,9916.81863351087,0.9790103829994028
9060.762809529437,0.995076554770269,7882.415207689022,0.9892144776987415,8080.80925178978,0.9777769487008442,9945.152401035186,0.9795095307575457
9086.576948587925,0.9951661860846095,7904.872231072752,0.9893490972075417,8103.831500370378,0.9779471708146746,9973.486168559502,0.9799905276881198
9112.391087646412,0.9952573263436358,7927.329254456481,0.9894791992831607,8126.853748950975,0.9781240327981936,10001.819936083819,0.980453373791125
9138.205226704902,0.9953520880699084,7949.7862778402105,0.9896044827633864,8149.875997531573,0.9783072328391426,10030.153703608137,0.9808980690665614
9164.01936576339,0.9954480569519294,7972.24330122394,0.9897261522970672,8172.898246112171,0.9784955636884869,10058.487471132454,0.981324613514429
9189.833504821878,0.9955437240450136,7994.700324607669,0.9898424009109306,8195.92049469277,0.9786866108481584,10086.82123865677,0.9817299819967995
9215.647643880367,0.9956393911380975,8017.157347991399,0.989955939064885,8218.942743273366,0.9788785634446056,10115.155006181087,0.9821262750653857
9241.461782938855,0.9957350582311816,8039.614371375128,0.9900694772188396,8241.964991853964,0.9790729305391213,10143.488773705403,0.9825134927201875
9267.275921997343,0.9958307253242656,8062.071394758857,0.9901830153727943,8264.987240434562,0.9792742393155841,10171.82254122972,0.9828976852370612
9293.090061055833,0.9959242798947894,8084.528418142587,0.9902965535267488,8288.00948901516,0.9794885260191651,10200.156308754036,0.9832758274780785
9318.90420011432,0.9960133076312556,8106.985441526316,0.9904097905184913,8311.031737595757,0.9797200160214844,10228.490076278355,0.9836418691673833
9344.718339172809,0.9960959978000411,8129.442464910046,0.990519714725901,8334.053986176355,0.9799693129470589,10256.823843802671,0.9839988354429037
9370.532478231296,0.9961747647126433,8151.899488293775,0.990624218013493,8357.076234756953,0.9802324932365274,10285.157611326988,0.9843437011667115
9396.346617289786,0.9962508155248111,8174.356511677504,0.9907236015434797,8380.09848333755,0.98050321883246,10313.491378851304,0.9846734412008787
9422.160756348274,0.9963205287692982,8196.813535061234,0.9908163595048007,8403.120731918149,0.9807772643632369,10341.82514637562,0.9849910806833334
9447.974895406762,0.9963863187576021,8219.270558444963,0.9909058046817887,8426.142980498746,0.9810549316411165,10370.158913899937,0.9852996447520035
9473.789034465251,0.9964515051680317,8241.727581828693,0.990996153345413,8449.165229079343,0.9813377297273917,10398.492681424255,0.9856012510034389
9499.60317352374,0.9965139754780267,8264.184605212422,0.9910901159555823,8472.187477659942,0.9816265640588383,10426.826448948572,0.9858971094928108
9525.417312582227,0.9965743332654612,8286.641628596151,0.9911870901878724,8495.209726240539,0.9819214346354561,10455.160216472888,0.9861887327890834
9551.231451640717,0.9966331821082102,8309.09865197988,0.9912843655823746,8518.231974821136,0.9822208323959525,10483.493983997205,0.9864761208922567
9577.045590699205,0.9966890130615872,8331.55567536361,0.9913837491123614,8541.254223401735,0.9825256627771028,10511.827751521521,0.9867577612333662
9602.859729757693,0.9967439386481529,8354.01269874734,0.9914846384534085,8564.276471982332,0.982833511280839,10540.161519045838,0.9870291161055204
9628.673868816182,0.9968006749683415,8376.469722131069,0.9915837208211832,8587.298720562929,0.9831473960297463,10568.495286570154,0.9872841352328624
9654.48800787467,0.9968592220221532,8398.926745514798,0.9916797915668369,8610.320969143526,0.9834642989012393,10596.829054094473,0.9875176758809147
9680.302146933158,0.9969228994878967,8421.383768898528,0.9917761634747029,8633.343217724125,0.9837872380179036,10625.16282161879,0.9877258053703706
9706.116285991648,0.9969877841093889,8443.840792282257,0.9918671144627514,8656.365466304722,0.9841131952571537,10653.496589143106,0.9879082211874373
9731.930425050135,0.9970499526304467,8466.297815665986,0.991939694555863,8679.387714885319,0.9844421706189894,10681.830356667422,0.988067948470043
9757.744564108623,0.9971100086289443,8488.754839049716,0.9920044444314603,8702.409963465918,0.9847681278582395,10710.164124191739,0.9882122475492153
9783.558703167111,0.9971673485270072,8511.211862433445,0.9920697966314819,8725.432212046515,0.9850971032200752,10738.497891716055,0.988351101380117
9809.3728422256,0.9972216705356985,8533.668885817175,0.9921390639402605,8748.454460627112,0.9854321148270823,10766.831659240372,0.9884917702937753
9835.186981284089,0.9972753889665155,8556.125909200904,0.992215559142129,8771.47670920771,0.9857731626792605,10795.16542676469,0.9886381869694972
9861.001120342577,0.9973288056083952,8578.582932584633,0.9922899462085131,8794.498957788308,0.9861202467766101,10823.499194289006,0.9887909564348681
9886.815259401066,0.9973798079387775,8601.039955968363,0.9923583100306554,8817.521206368905,0.986473367119131,10851.832961813323,0.9889485661209242
9912.629398459554,0.9974280941687252,8623.496979352092,0.99241974712192,8840.543454949504,0.9868325237068233,10880.16672933764,0.9891067808345658
9938.443537518042,0.9974733625093013,8645.954002735822,0.9924727516712464,8863.565703530101,0.9871946984171011,10908.500496861956,0.9892604578413152
9964.257676576532,0.9975119914932594,8668.411026119551,0.9925200341385431,8886.587952110698,0.9875629093725502,10936.834264386272,0.9894047569204875
9990.07181563502,0.9975412650201653,8690.86804950328,0.9925627991726585,8909.610200691297,0.9879311203279993,10965.168031910589,0.9895360479065687
10015.885954693507,0.997565408135139,8713.32507288701,0.9926043595579257,8932.632449271894,0.9883023494060341,10993.501799434907,0.9896519106892163
10041.700093751997,0.9975892796400695,8735.78209627074,0.992646221105405,8955.654697852491,0.9886705603614833,11021.835566959224,0.9897523452684306
10067.514232810485,0.9976133623972561,8758.239119654469,0.9926880826528843,8978.67694643309,0.9890387713169324,11050.16933448354,0.9898397717545537
10093.328371868973,0.997636328535375,8780.696143038198,0.9927299442003636,9001.699195013687,0.9894039641497959,11078.503102007857,0.9899181228268925
10119.142510927462,0.997656397499697,8803.153166421927,0.992772106910055,9024.721443594284,0.9897661388600738,11106.836869532173,0.9899928437337177
10144.95664998595,0.9976733278590725,8825.610189805657,0.9928217986750484,9047.743692174883,0.9901222773251803,11135.17063705649,0.9900681696681283
10170.770789044438,0.9976869988979263,8848.067213189386,0.9928868497128578,9070.76594075548,0.9904753976677012,11163.504404580808,0.9901480333094311
10196.584928102926,0.9976990402765196,8870.524236573116,0.9929594298059694,9093.788189336077,0.9908254998876365,11191.838172105125,0.9902339472265904
10222.399067161416,0.9977109911184316,8892.981259956845,0.9930308052502326,9116.810437916676,0.9911725839849861,11220.171939629441,0.9903250038782273
10248.213206219903,0.9977229721392374,8915.438283340574,0.9931024818567079,9139.832686497273,0.9915166499597501,11248.505707153758,0.9904184806402069
10274.027345278391,0.9977349229811494,8937.895306724304,0.9931738573009711,9162.85493507787,0.9918546796893427,11276.839474678074,0.990511049860808
10299.841484336881,0.9977469945386364,8960.352330108033,0.9932425222853255,9185.87718365847,0.9921896912963497,11305.17324220239,0.9906002914296881
10325.655623395369,0.9977581607293117,8982.809353491763,0.9933087779719835,9208.899432239066,0.9925216847807711,11333.507009726707,0.9906837852365046
10351.469762453857,0.9977657054527411,9005.266376875492,0.9933732266853688,9231.921680819663,0.9928506601426068,11361.840777251025,0.9907600187122936
10377.283901512346,0.9977685120898567,9027.723400259221,0.9934280382079675,9254.943929400262,0.9931766173818569,11390.174544775342,0.9908280843156767
10403.098040570834,0.9977685206908414,9050.18042364295,0.9934720078909314,9277.96617798086,0.9934965383759355,11418.508312299658,0.9908882845604466
10428.912179629322,0.9977687213804847,9072.63744702668,0.9935135682761985,9300.988426561456,0.9938134412474285,11446.842079823975,0.9909424345293604
10454.726318687812,0.9977692012248947,9095.09447041041,0.9935560321481021,9324.010675142054,0.9941212897511646,11475.175847348291,0.9909938618741386
10480.5404577463,0.9977700583054764,9117.551493794139,0.9936048204264591,9347.032923722652,0.994421291136178,11503.509614872608,0.9910464992740883
10506.354596804787,0.997771395230468,9140.008517177868,0.9936659563555117,9370.05517230325,0.9947110309044003,11531.843382396924,0.9911030693533445
10532.168735863277,0.997773326679666,9162.465540561598,0.9937325132043815,9393.077420883847,0.9949902072435728,11560.177149921243,0.9911635721119073
10557.982874921765,0.9977759673328662,9184.922563945327,0.9937981665666151,9416.099669464445,0.9952597255904713,11588.51091744556,0.9912264949808126
10583.797013980253,0.9977794379056437,9207.379587329056,0.9938629164422125,9439.121918045043,0.9955195859450955,11616.844684969876,0.9912906279048891
10609.61115303874,0.9977839043819138,9229.836610712786,0.9939246546956892,9462.14416662564,0.995777937238427,11645.178452494192,0.9913538532875872
10635.42529209723,0.9977894572983578,9252.293634096515,0.9939842848136813,9485.166415206239,0.9960266305394845,11673.512220018509,0.9914149610737355
10661.239431155718,0.9978099185882979,9274.750657480245,0.9940415056339765,9508.188663786836,0.9962638549747165,11701.845987542825,0.9914733462357486
10687.053570214206,0.9978348161756146,9297.207680863974,0.9940951125077271,9531.210912367433,0.9964893087318645,11730.179755067144,0.9915284037460407
10712.867709272696,0.9978640293447333,9319.664704247703,0.9941451054349325,9554.233160948032,0.9967017845618941,11758.51352259146,0.9915807386321974
10738.681848331184,0.9978940875228758,9342.121727631433,0.9941929902266535,9577.255409528629,0.9969052060241667,11786.847290115777,0.9916312584355973
10764.495987389671,0.9979238439120811,9364.578751015162,0.9942408750183744,9600.277658109226,0.997101987616751,11815.181057640093,0.9916808706976188
10790.310126448161,0.997951608494301,9387.035774398892,0.9942887598100953,9623.299906689825,0.9972906202783539,11843.51482516441,0.9917304829596402
10816.124265506649,0.9979740917701204,9409.492797782621,0.9943378492506646,9646.322155270422,0.9974717076334928,11871.848592688726,0.9917807002492474
10841.938404565137,0.9979918973174136,9431.94982116635,0.9943884445022942,9669.344403851019,0.997644344245392,11900.182360213043,0.9918315225664401
10867.752543623626,0.9980052062095428,9454.40684455008,0.9944366304562271,9692.366652431618,0.9978082283017926,11928.51612773736,0.9918823448836329
10893.566682682114,0.9980106685893058,9476.86386793381,0.9944812024636152,9715.388901012215,0.9979645670517292,11956.849895261677,0.9919328646870328
10919.380821740602,0.9980147729188512,9499.320891317539,0.9945233651733065,9738.411149592812,0.9981145677442359,11985.183662785994,0.9919827794628471
10945.194960799092,0.9980175463591839,9521.777914701268,0.9945658290452101,9761.43339817341,0.9982603430651227,12013.51743031031,0.9920320892110758
10971.00909985758,0.9980189798566356,9544.234938084997,0.9946116057014464,9784.455646754008,0.9984046093247166,12041.851197834627,0.9920804914179261
10996.823238916068,0.9980190719022614,9566.691961468727,0.9946591893309552,9807.477895334605,0.9985401230288123,12070.184965358943,0.9921282885971907
11022.637377974555,0.9980193561874402,9589.148984852456,0.9947070741226761,9830.500143915204,0.9986647714915996,12098.51873288326,0.9921760857764553
11048.451517033045,0.9980198873359696,9611.606008236187,0.994754958914397,9853.5223924958,0.9987758384027514,12126.852500407578,0.99222388295572
11074.265656091533,0.9980207082018787,9634.063031619917,0.9948025425439059,9876.544641076398,0.9988706074519408,12155.186267931895,0.9922719826487774
11100.07979515002,0.9980218489640611,9656.520055003646,0.9948477168757182,9899.566889656997,0.9989472677656163,12183.520035456211,0.9923200823418347
11125.89393420851,0.9980233307477426,9678.977078387376,0.9948871691255008,9922.589138237594,0.9990067247805535,12211.853802980528,0.9923681820348921
11151.708073266998,0.99803386318165,9701.434101771105,0.994924814402011,9945.611386818191,0.9990532038683726,12240.187570504844,0.9924159792141567
11177.522212325486,0.9980467495692673,9723.891125154834,0.9949699887338231,9968.633635398788,0.999092439461986,12268.52133802916,0.9924634738796284
11203.336351383976,0.9980542037560154,9746.348148538564,0.9950244990942098,9991.655883979387,0.9991283551207553,12296.855105553477,0.9925106660313073
11229.150490442464,0.9980598472091405,9768.805171922293,0.9950859361854743,10014.678132559984,0.9991618562814558,12325.188873077796,0.9925587657243646
11254.964629500952,0.9980659131667777,9791.262195306022,0.9951509872232838,10037.700381140581,0.999192942944088,12353.522640602112,0.9926089830139718
11280.778768559441,0.99807185840884,9813.719218689752,0.9952166405855174,10060.72262972118,0.9992213736588448,12381.856408126429,0.9926619229277142
11306.592907617929,0.9980778941875837,9836.176242073481,0.995282293947751,10083.744878301777,0.9992468164322418,12410.190175650745,0.9927178879793848
11332.407046676417,0.9980834471040275,9858.63326545721,0.9953482484721968,10106.767126882374,0.9992690298144722,12438.523943175062,0.9927768781689835
11358.221185734907,0.9980859278090911,9881.09028884094,0.9954129983477942,10129.789375462973,0.9992877421745031,12466.857710699378,0.9928385909827174
11384.035324793394,0.9980872918950872,9903.54731222467,0.9954747366012708,10152.81162404357,0.9993028026062054,12495.191478223696,0.9929030264205869
11409.849463851882,0.9980923317703381,9926.004335608399,0.9955340655570507,10175.833872624167,0.9993152976337101,12523.525245748013,0.9929710920239699
11435.66360291037,0.9981065762081726,9948.461358992128,0.9955918887017703,10198.856121204766,0.9993277624799888,12551.85901327233,0.9930436953342453
11461.47774196886,0.9981310814698711,9970.918382375858,0.9956509164953382,10221.878369785363,0.9993425512806585,12580.192780796646,0.9931217438927914
11487.291881027348,0.9981610189324387,9993.375405759587,0.9957138593976631,10244.90061836596,0.9993604487475914,12608.526548320962,0.9932064477547793
11513.106020085836,0.9981939139265905,10015.832429143316,0.995780115084321,10267.92286694656,0.9993813039746583,12636.860315845279,0.993297806920209
11538.920159144325,0.9982304303879885,10038.289452527046,0.9958493823930996,10290.945115527156,0.9994042115250834,12665.194083369595,0.9933949138477023
11564.734298202813,0.9982705683166327,10060.746475910775,0.995921058999575,10313.967364107753,0.9994280848747359,12693.527850893914,0.9934956509407094
11590.548437261301,0.9983125169788998,10083.203499294505,0.9959927356060503,10336.989612688352,0.9994521694929694,12721.86161841823,0.9935979006026804
11616.36257631979,0.9983544656411668,10105.660522678234,0.9960644122125255,10360.01186126895,0.9994761333862994,12750.195385942547,0.9936995452370658
11642.176715378278,0.998396414303434,10128.117546061963,0.9961357876567888,10383.034109849546,0.999499976554726,12778.529153466863,0.9937990722749017
11667.990854436766,0.998438061176764,10150.574569445693,0.9962050549655673,10406.056358430145,0.9995238800856043,12806.86292099118,0.9938952716610164
11693.804993495256,0.9984809152058426,10173.031592829422,0.9962716118144374,10429.078607010742,0.9995480250662895,12835.196688515496,0.9939881433954103
11719.619132553744,0.9985267871242931,10195.488616213152,0.996337265176671,10452.10085559134,0.9995718078722644,12863.530456039813,0.9940785950194616
11745.433271612232,0.9985744697763664,10217.945639596881,0.9964029185389045,10475.123104171938,0.9995936590797845,12891.864223564131,0.9941690466435129
11771.247410670721,0.998622454217377,10240.40266298061,0.9964685719011381,10498.145352752535,0.9996117678152984,12920.197991088447,0.9942634309468708
11797.06154972921,0.9986704386583878,10262.85968636434,0.9965345264255839,10521.167601333133,0.9996248966485459,12948.531758612764,0.9943665881502203
11822.875688787697,0.9987184230993984,10285.31670974807,0.9965992763011813,10544.189849913731,0.9996331059419789,12976.86552613708,0.9944815433914895
11848.689827846185,0.998766407540409,10307.773733131799,0.9966610145546579,10567.212098494329,0.9996372709511471,13005.199293661397,0.9946089016982641
11874.503966904675,0.9988143919814196,10330.230756515528,0.996720945834862,10590.234347074926,0.9996385295082653,13033.533061185713,0.9947480580429585
11900.318105963162,0.9988617728445559,10352.687779899257,0.9967805759528541,10613.256595655525,0.9996385420938364,13061.86682871003,0.9948965923152301
11926.13224502165,0.9989064376072576,10375.144803282987,0.996840206070846,10636.278844236122,0.9996386305248283,13090.200596234348,0.995051176863358
11951.94638408014,0.9989477826916504,10397.601826666716,0.996899836188838,10659.301092816719,0.9996388333426659,13118.534363758665,0.9952072739804498
11977.760523138628,0.9989861098866716,10420.058850050445,0.9969594663068301,10682.323341397316,0.9996391864630085,13146.868131282981,0.9953609509871992
12003.574662197116,0.9990223245591323,10442.515873434175,0.997019096424822,10705.345589977915,0.9996397236888287,13175.201898807298,0.995507670176714
12029.388801255605,0.9990582374426561,10464.972896817904,0.997078726542814,10728.367838558512,0.9996404752013526,13203.535666331614,0.9956444064110659
12055.202940314093,0.9990935467483054,10487.429920201634,0.997138356660806,10751.390087139109,0.9996414681636833,13231.86943385593,0.9957705546626693
12081.017079372581,0.9991246310088342,10509.886943585363,0.9971982879410102,10774.412335719708,0.9996427297389242,13260.203201380249,0.9958897450970379
12106.83121843107,0.9991505848574311,10532.343966969092,0.9972576168967899,10797.434584300305,0.9996442840720557,13288.536968904566,0.9960086330176138
12132.645357489559,0.9991738829633809,10554.800990352822,0.9973190539880545,10820.456832880902,0.9996461492718136,13316.870736428882,0.9961335712140459
12158.459496548046,0.9991929258453165,10577.258013736551,0.9973892247834694,10843.4790814615,0.9996483464650561,13345.204503953199,0.9962687948794337
12184.273635606536,0.9992061743796585,10599.71503712028,0.9974642141742776,10866.501330042098,0.9996508877242731,13373.538271477515,0.9964164216103268
12210.087774665024,0.9992178837904208,10622.17206050401,0.9975367942673892,10889.523578622695,0.9996537911582004,13401.872039001832,0.9965761488929326
12235.901913723512,0.999229925169014,10644.62908388774,0.9976081697116523,10912.545827203294,0.999657050730593,13430.205806526148,0.9967443465617369
12261.716052782,0.9992418760109261,10667.086107271469,0.997680749804764,10935.56807578389,0.9996607026589216,13458.539574050466,0.9969155693684696
12287.53019184049,0.9992537966739444,10689.543130655198,0.9977560403577843,10958.590324364488,0.9996654109301553,13486.873341574783,0.9970846745786526
12313.344330898977,0.9992662605570497,10712.000154038928,0.9978343425329255,10981.612572945087,0.9996753707346878,13515.2071090991,0.9972483345405649
12339.158469957465,0.9992814405405895,10734.457177422657,0.9979165598168236,11004.634821525684,0.9996870206878685,13543.540876623416,0.9974050366852425
12364.972609015955,0.9992990650145205,10756.914200806386,0.9980008852362062,11027.657070106281,0.9996980066540803,13571.874644147732,0.9975541759850998
12390.786748074443,0.9993170516351761,10779.371224190116,0.9980837048445285,11050.67931868688,0.9997074835589992,13600.208411672049,0.997696962495308
12416.60088713293,0.9993351589714067,10801.828247573845,0.9981665244528508,11073.701567267477,0.9997151797715927,13628.542179196365,0.9978355138124166
12442.41502619142,0.9993550468623662,10824.285270957575,0.9982502475478093,11096.723815848074,0.9997215781914742,13656.875946720684,0.9979725525605613
12468.229165249908,0.999378676936147,10846.742294341304,0.998334572967192,11119.746064428673,0.9997277653427747,13685.209714245,0.9981117089052556
12494.043304308396,0.9994058379404925,10869.199317725033,0.9984219100086954,11142.76831300927,0.9997345561185924,13713.543481769317,0.9982563104982206
12519.857443366885,0.9994372239899587,10891.656341108763,0.9985119575101076,11165.790561589867,0.9997425239622185,13741.877249293633,0.9984066598532492
12545.671582425373,0.9994722315066707,10914.113364492492,0.9986068236069132,11188.812810170466,0.9997521819544926,13770.21101681795,0.998559731832413
12571.485721483861,0.9995081443901945,10936.570387876222,0.998709821083445,11211.835058751063,0.9997640129950283,13798.544784342266,0.9987100811874415
12597.29986054235,0.9995440572737182,10959.02741125995,0.9988170348309459,11234.85730733166,0.9997781076275033,13826.878551866583,0.9988537752390281
12623.113999600839,0.9995823844687393,10981.48443464368,0.9989245497406588,11257.87955591226,0.9997941036772071,13855.212319390901,0.9989883938768302
12648.928138659327,0.9996237295531321,11003.94145802741,0.9990320646503718,11280.901804492856,0.9998117898755591,13883.546086915218,0.9991130295594696
12674.742277717814,0.9996659800043364,11026.398481411139,0.9991392783978725,11303.924053073453,0.9998312869474624,13911.879854439534,0.9992288923421172
12700.556416776304,0.9997100411891638,11048.855504794868,0.9992416735499802,11326.94630165405,0.9998525647116911,13940.21362196385,0.9993380998213232
12726.370555834792,0.9997571202633628,11071.312528178598,0.9993350338357253,11349.96855023465,0.999875321355987,13968.547389488167,0.9994442821626008
12752.18469489328,0.9998051047043736,11093.769551562327,0.9994238766882892,11372.990798815246,0.9998991343431877,13996.881157012484,0.9995504645038785
12777.99883395177,0.9998527873564469,11116.226574946057,0.9995133218652772,11396.013047395843,0.999923671679809,14025.214924536802,0.999658764441706
12803.812973010257,0.9999007717974574,11138.683598329786,0.9996039716911136,11419.035295976442,0.9999487824597216,14053.548692061118,0.9997706945450471
12829.627112068745,0.9999502651831539,11161.140621713515,0.999698235463495,11442.05754455704,0.9999743761392479,14081.882459585435,0.9998853472725234
12855.441251127235,0.999983461966243,11183.597645097245,0.9997988236423301,11465.079793137636,0.9999914587130826,14110.216227109751,0.9999618832621053
12881.255390185723,1.0,11206.054668480974,0.9998994118211649,11488.102041718235,1.0,14138.549994634068,1.0
12907.06952924421,1.0,11228.511691864704,1.0,11511.124290298832,1.0,14166.883762158384,1.0
12907.07952924421,1.0,11228.521691864704,1.0,11511.134290298833,1.0,14166.893762158385,1.0
15000.0,1.0,15000.0,1.0,15000.0,1.0,15000.0,1.0
